date,name,category,value
2020-01-22,Alaska,Alaska,0
2020-01-23,Alaska,Alaska,0
2020-01-24,Alaska,Alaska,0
2020-01-25,Alaska,Alaska,0
2020-01-26,Alaska,Alaska,0
2020-01-27,Alaska,Alaska,0
2020-01-28,Alaska,Alaska,0
2020-01-29,Alaska,Alaska,0
2020-01-30,Alaska,Alaska,0
2020-01-31,Alaska,Alaska,0
2020-02-01,Alaska,Alaska,0
2020-02-02,Alaska,Alaska,0
2020-02-03,Alaska,Alaska,0
2020-02-04,Alaska,Alaska,0
2020-02-05,Alaska,Alaska,0
2020-02-06,Alaska,Alaska,0
2020-02-07,Alaska,Alaska,0
2020-02-08,Alaska,Alaska,0
2020-02-09,Alaska,Alaska,0
2020-02-10,Alaska,Alaska,0
2020-02-11,Alaska,Alaska,0
2020-02-12,Alaska,Alaska,0
2020-02-13,Alaska,Alaska,0
2020-02-14,Alaska,Alaska,0
2020-02-15,Alaska,Alaska,0
2020-02-16,Alaska,Alaska,0
2020-02-17,Alaska,Alaska,0
2020-02-18,Alaska,Alaska,0
2020-02-19,Alaska,Alaska,0
2020-02-20,Alaska,Alaska,0
2020-02-21,Alaska,Alaska,0
2020-02-22,Alaska,Alaska,0
2020-02-23,Alaska,Alaska,0
2020-02-24,Alaska,Alaska,0
2020-02-25,Alaska,Alaska,0
2020-02-26,Alaska,Alaska,0
2020-02-27,Alaska,Alaska,0
2020-02-28,Alaska,Alaska,0
2020-02-29,Alaska,Alaska,0
2020-03-01,Alaska,Alaska,0
2020-03-02,Alaska,Alaska,0
2020-03-03,Alaska,Alaska,0
2020-03-04,Alaska,Alaska,0
2020-03-05,Alaska,Alaska,0
2020-03-06,Alaska,Alaska,0
2020-03-07,Alaska,Alaska,0
2020-03-08,Alaska,Alaska,0
2020-03-09,Alaska,Alaska,0
2020-03-10,Alaska,Alaska,0
2020-03-11,Alaska,Alaska,0
2020-03-12,Alaska,Alaska,0
2020-01-22,Arizona,Arizona,0
2020-01-23,Arizona,Arizona,0
2020-01-24,Arizona,Arizona,0
2020-01-25,Arizona,Arizona,0
2020-01-26,Arizona,Arizona,1
2020-01-27,Arizona,Arizona,1
2020-01-28,Arizona,Arizona,1
2020-01-29,Arizona,Arizona,1
2020-01-30,Arizona,Arizona,1
2020-01-31,Arizona,Arizona,1
2020-02-01,Arizona,Arizona,1
2020-02-02,Arizona,Arizona,1
2020-02-03,Arizona,Arizona,1
2020-02-04,Arizona,Arizona,1
2020-02-05,Arizona,Arizona,1
2020-02-06,Arizona,Arizona,1
2020-02-07,Arizona,Arizona,1
2020-02-08,Arizona,Arizona,1
2020-02-09,Arizona,Arizona,1
2020-02-10,Arizona,Arizona,1
2020-02-11,Arizona,Arizona,1
2020-02-12,Arizona,Arizona,1
2020-02-13,Arizona,Arizona,1
2020-02-14,Arizona,Arizona,1
2020-02-15,Arizona,Arizona,1
2020-02-16,Arizona,Arizona,1
2020-02-17,Arizona,Arizona,1
2020-02-18,Arizona,Arizona,1
2020-02-19,Arizona,Arizona,1
2020-02-20,Arizona,Arizona,1
2020-02-21,Arizona,Arizona,1
2020-02-22,Arizona,Arizona,1
2020-02-23,Arizona,Arizona,1
2020-02-24,Arizona,Arizona,1
2020-02-25,Arizona,Arizona,1
2020-02-26,Arizona,Arizona,1
2020-02-27,Arizona,Arizona,1
2020-02-28,Arizona,Arizona,1
2020-02-29,Arizona,Arizona,1
2020-03-01,Arizona,Arizona,1
2020-03-02,Arizona,Arizona,1
2020-03-03,Arizona,Arizona,1
2020-03-04,Arizona,Arizona,1
2020-03-05,Arizona,Arizona,1
2020-03-06,Arizona,Arizona,2
2020-03-07,Arizona,Arizona,4
2020-03-08,Arizona,Arizona,4
2020-03-09,Arizona,Arizona,4
2020-03-10,Arizona,Arizona,6
2020-03-11,Arizona,Arizona,9
2020-03-12,Arizona,Arizona,9
2020-01-22,Arkansas,Arkansas,0
2020-01-23,Arkansas,Arkansas,0
2020-01-24,Arkansas,Arkansas,0
2020-01-25,Arkansas,Arkansas,0
2020-01-26,Arkansas,Arkansas,0
2020-01-27,Arkansas,Arkansas,0
2020-01-28,Arkansas,Arkansas,0
2020-01-29,Arkansas,Arkansas,0
2020-01-30,Arkansas,Arkansas,0
2020-01-31,Arkansas,Arkansas,0
2020-02-01,Arkansas,Arkansas,0
2020-02-02,Arkansas,Arkansas,0
2020-02-03,Arkansas,Arkansas,0
2020-02-04,Arkansas,Arkansas,0
2020-02-05,Arkansas,Arkansas,0
2020-02-06,Arkansas,Arkansas,0
2020-02-07,Arkansas,Arkansas,0
2020-02-08,Arkansas,Arkansas,0
2020-02-09,Arkansas,Arkansas,0
2020-02-10,Arkansas,Arkansas,0
2020-02-11,Arkansas,Arkansas,0
2020-02-12,Arkansas,Arkansas,0
2020-02-13,Arkansas,Arkansas,0
2020-02-14,Arkansas,Arkansas,0
2020-02-15,Arkansas,Arkansas,0
2020-02-16,Arkansas,Arkansas,0
2020-02-17,Arkansas,Arkansas,0
2020-02-18,Arkansas,Arkansas,0
2020-02-19,Arkansas,Arkansas,0
2020-02-20,Arkansas,Arkansas,0
2020-02-21,Arkansas,Arkansas,0
2020-02-22,Arkansas,Arkansas,0
2020-02-23,Arkansas,Arkansas,0
2020-02-24,Arkansas,Arkansas,0
2020-02-25,Arkansas,Arkansas,0
2020-02-26,Arkansas,Arkansas,0
2020-02-27,Arkansas,Arkansas,0
2020-02-28,Arkansas,Arkansas,0
2020-02-29,Arkansas,Arkansas,0
2020-03-01,Arkansas,Arkansas,0
2020-03-02,Arkansas,Arkansas,0
2020-03-03,Arkansas,Arkansas,0
2020-03-04,Arkansas,Arkansas,0
2020-03-05,Arkansas,Arkansas,0
2020-03-06,Arkansas,Arkansas,0
2020-03-07,Arkansas,Arkansas,0
2020-03-08,Arkansas,Arkansas,0
2020-03-09,Arkansas,Arkansas,0
2020-03-10,Arkansas,Arkansas,0
2020-03-11,Arkansas,Arkansas,1
2020-03-12,Arkansas,Arkansas,6
2020-01-22,California,California,0
2020-01-23,California,California,0
2020-01-24,California,California,0
2020-01-25,California,California,0
2020-01-26,California,California,2
2020-01-27,California,California,2
2020-01-28,California,California,2
2020-01-29,California,California,2
2020-01-30,California,California,2
2020-01-31,California,California,3
2020-02-01,California,California,3
2020-02-02,California,California,3
2020-02-03,California,California,6
2020-02-04,California,California,6
2020-02-05,California,California,6
2020-02-06,California,California,6
2020-02-07,California,California,6
2020-02-08,California,California,6
2020-02-09,California,California,6
2020-02-10,California,California,6
2020-02-11,California,California,7
2020-02-12,California,California,7
2020-02-13,California,California,8
2020-02-14,California,California,8
2020-02-15,California,California,8
2020-02-16,California,California,8
2020-02-17,California,California,8
2020-02-18,California,California,8
2020-02-19,California,California,8
2020-02-20,California,California,8
2020-02-21,California,California,10
2020-02-22,California,California,10
2020-02-23,California,California,10
2020-02-24,California,California,10
2020-02-25,California,California,10
2020-02-26,California,California,10
2020-02-27,California,California,11
2020-02-28,California,California,11
2020-02-29,California,California,12
2020-03-01,California,California,12
2020-03-02,California,California,21
2020-03-03,California,California,25
2020-03-04,California,California,35
2020-03-05,California,California,51
2020-03-06,California,California,59
2020-03-07,California,California,81
2020-03-08,California,California,95
2020-03-09,California,California,101
2020-03-10,California,California,144
2020-03-11,California,California,177
2020-03-12,California,California,221
2020-01-22,Colorado,Colorado,0
2020-01-23,Colorado,Colorado,0
2020-01-24,Colorado,Colorado,0
2020-01-25,Colorado,Colorado,0
2020-01-26,Colorado,Colorado,0
2020-01-27,Colorado,Colorado,0
2020-01-28,Colorado,Colorado,0
2020-01-29,Colorado,Colorado,0
2020-01-30,Colorado,Colorado,0
2020-01-31,Colorado,Colorado,0
2020-02-01,Colorado,Colorado,0
2020-02-02,Colorado,Colorado,0
2020-02-03,Colorado,Colorado,0
2020-02-04,Colorado,Colorado,0
2020-02-05,Colorado,Colorado,0
2020-02-06,Colorado,Colorado,0
2020-02-07,Colorado,Colorado,0
2020-02-08,Colorado,Colorado,0
2020-02-09,Colorado,Colorado,0
2020-02-10,Colorado,Colorado,0
2020-02-11,Colorado,Colorado,0
2020-02-12,Colorado,Colorado,0
2020-02-13,Colorado,Colorado,0
2020-02-14,Colorado,Colorado,0
2020-02-15,Colorado,Colorado,0
2020-02-16,Colorado,Colorado,0
2020-02-17,Colorado,Colorado,0
2020-02-18,Colorado,Colorado,0
2020-02-19,Colorado,Colorado,0
2020-02-20,Colorado,Colorado,0
2020-02-21,Colorado,Colorado,0
2020-02-22,Colorado,Colorado,0
2020-02-23,Colorado,Colorado,0
2020-02-24,Colorado,Colorado,0
2020-02-25,Colorado,Colorado,0
2020-02-26,Colorado,Colorado,0
2020-02-27,Colorado,Colorado,0
2020-02-28,Colorado,Colorado,0
2020-02-29,Colorado,Colorado,0
2020-03-01,Colorado,Colorado,0
2020-03-02,Colorado,Colorado,0
2020-03-03,Colorado,Colorado,0
2020-03-04,Colorado,Colorado,0
2020-03-05,Colorado,Colorado,0
2020-03-06,Colorado,Colorado,3
2020-03-07,Colorado,Colorado,7
2020-03-08,Colorado,Colorado,7
2020-03-09,Colorado,Colorado,7
2020-03-10,Colorado,Colorado,15
2020-03-11,Colorado,Colorado,34
2020-03-12,Colorado,Colorado,45
2020-01-22,Connecticut,Connecticut,0
2020-01-23,Connecticut,Connecticut,0
2020-01-24,Connecticut,Connecticut,0
2020-01-25,Connecticut,Connecticut,0
2020-01-26,Connecticut,Connecticut,0
2020-01-27,Connecticut,Connecticut,0
2020-01-28,Connecticut,Connecticut,0
2020-01-29,Connecticut,Connecticut,0
2020-01-30,Connecticut,Connecticut,0
2020-01-31,Connecticut,Connecticut,0
2020-02-01,Connecticut,Connecticut,0
2020-02-02,Connecticut,Connecticut,0
2020-02-03,Connecticut,Connecticut,0
2020-02-04,Connecticut,Connecticut,0
2020-02-05,Connecticut,Connecticut,0
2020-02-06,Connecticut,Connecticut,0
2020-02-07,Connecticut,Connecticut,0
2020-02-08,Connecticut,Connecticut,0
2020-02-09,Connecticut,Connecticut,0
2020-02-10,Connecticut,Connecticut,0
2020-02-11,Connecticut,Connecticut,0
2020-02-12,Connecticut,Connecticut,0
2020-02-13,Connecticut,Connecticut,0
2020-02-14,Connecticut,Connecticut,0
2020-02-15,Connecticut,Connecticut,0
2020-02-16,Connecticut,Connecticut,0
2020-02-17,Connecticut,Connecticut,0
2020-02-18,Connecticut,Connecticut,0
2020-02-19,Connecticut,Connecticut,0
2020-02-20,Connecticut,Connecticut,0
2020-02-21,Connecticut,Connecticut,0
2020-02-22,Connecticut,Connecticut,0
2020-02-23,Connecticut,Connecticut,0
2020-02-24,Connecticut,Connecticut,0
2020-02-25,Connecticut,Connecticut,0
2020-02-26,Connecticut,Connecticut,0
2020-02-27,Connecticut,Connecticut,0
2020-02-28,Connecticut,Connecticut,0
2020-02-29,Connecticut,Connecticut,0
2020-03-01,Connecticut,Connecticut,0
2020-03-02,Connecticut,Connecticut,0
2020-03-03,Connecticut,Connecticut,0
2020-03-04,Connecticut,Connecticut,0
2020-03-05,Connecticut,Connecticut,0
2020-03-06,Connecticut,Connecticut,0
2020-03-07,Connecticut,Connecticut,0
2020-03-08,Connecticut,Connecticut,0
2020-03-09,Connecticut,Connecticut,0
2020-03-10,Connecticut,Connecticut,2
2020-03-11,Connecticut,Connecticut,3
2020-03-12,Connecticut,Connecticut,5
2020-01-22,Delaware,Delaware,0
2020-01-23,Delaware,Delaware,0
2020-01-24,Delaware,Delaware,0
2020-01-25,Delaware,Delaware,0
2020-01-26,Delaware,Delaware,0
2020-01-27,Delaware,Delaware,0
2020-01-28,Delaware,Delaware,0
2020-01-29,Delaware,Delaware,0
2020-01-30,Delaware,Delaware,0
2020-01-31,Delaware,Delaware,0
2020-02-01,Delaware,Delaware,0
2020-02-02,Delaware,Delaware,0
2020-02-03,Delaware,Delaware,0
2020-02-04,Delaware,Delaware,0
2020-02-05,Delaware,Delaware,0
2020-02-06,Delaware,Delaware,0
2020-02-07,Delaware,Delaware,0
2020-02-08,Delaware,Delaware,0
2020-02-09,Delaware,Delaware,0
2020-02-10,Delaware,Delaware,0
2020-02-11,Delaware,Delaware,0
2020-02-12,Delaware,Delaware,0
2020-02-13,Delaware,Delaware,0
2020-02-14,Delaware,Delaware,0
2020-02-15,Delaware,Delaware,0
2020-02-16,Delaware,Delaware,0
2020-02-17,Delaware,Delaware,0
2020-02-18,Delaware,Delaware,0
2020-02-19,Delaware,Delaware,0
2020-02-20,Delaware,Delaware,0
2020-02-21,Delaware,Delaware,0
2020-02-22,Delaware,Delaware,0
2020-02-23,Delaware,Delaware,0
2020-02-24,Delaware,Delaware,0
2020-02-25,Delaware,Delaware,0
2020-02-26,Delaware,Delaware,0
2020-02-27,Delaware,Delaware,0
2020-02-28,Delaware,Delaware,0
2020-02-29,Delaware,Delaware,0
2020-03-01,Delaware,Delaware,0
2020-03-02,Delaware,Delaware,0
2020-03-03,Delaware,Delaware,0
2020-03-04,Delaware,Delaware,0
2020-03-05,Delaware,Delaware,0
2020-03-06,Delaware,Delaware,0
2020-03-07,Delaware,Delaware,0
2020-03-08,Delaware,Delaware,0
2020-03-09,Delaware,Delaware,0
2020-03-10,Delaware,Delaware,0
2020-03-11,Delaware,Delaware,1
2020-03-12,Delaware,Delaware,1
2020-01-22,Diamond Princess,Diamond Princess,0
2020-01-23,Diamond Princess,Diamond Princess,0
2020-01-24,Diamond Princess,Diamond Princess,0
2020-01-25,Diamond Princess,Diamond Princess,0
2020-01-26,Diamond Princess,Diamond Princess,0
2020-01-27,Diamond Princess,Diamond Princess,0
2020-01-28,Diamond Princess,Diamond Princess,0
2020-01-29,Diamond Princess,Diamond Princess,0
2020-01-30,Diamond Princess,Diamond Princess,0
2020-01-31,Diamond Princess,Diamond Princess,0
2020-02-01,Diamond Princess,Diamond Princess,0
2020-02-02,Diamond Princess,Diamond Princess,0
2020-02-03,Diamond Princess,Diamond Princess,0
2020-02-04,Diamond Princess,Diamond Princess,0
2020-02-05,Diamond Princess,Diamond Princess,0
2020-02-06,Diamond Princess,Diamond Princess,0
2020-02-07,Diamond Princess,Diamond Princess,0
2020-02-08,Diamond Princess,Diamond Princess,0
2020-02-09,Diamond Princess,Diamond Princess,0
2020-02-10,Diamond Princess,Diamond Princess,0
2020-02-11,Diamond Princess,Diamond Princess,0
2020-02-12,Diamond Princess,Diamond Princess,0
2020-02-13,Diamond Princess,Diamond Princess,0
2020-02-14,Diamond Princess,Diamond Princess,0
2020-02-15,Diamond Princess,Diamond Princess,0
2020-02-16,Diamond Princess,Diamond Princess,0
2020-02-17,Diamond Princess,Diamond Princess,0
2020-02-18,Diamond Princess,Diamond Princess,0
2020-02-19,Diamond Princess,Diamond Princess,0
2020-02-20,Diamond Princess,Diamond Princess,0
2020-02-21,Diamond Princess,Diamond Princess,0
2020-02-22,Diamond Princess,Diamond Princess,0
2020-02-23,Diamond Princess,Diamond Princess,0
2020-02-24,Diamond Princess,Diamond Princess,36
2020-02-25,Diamond Princess,Diamond Princess,36
2020-02-26,Diamond Princess,Diamond Princess,42
2020-02-27,Diamond Princess,Diamond Princess,42
2020-02-28,Diamond Princess,Diamond Princess,44
2020-02-29,Diamond Princess,Diamond Princess,44
2020-03-01,Diamond Princess,Diamond Princess,44
2020-03-02,Diamond Princess,Diamond Princess,45
2020-03-03,Diamond Princess,Diamond Princess,45
2020-03-04,Diamond Princess,Diamond Princess,45
2020-03-05,Diamond Princess,Diamond Princess,45
2020-03-06,Diamond Princess,Diamond Princess,45
2020-03-07,Diamond Princess,Diamond Princess,45
2020-03-08,Diamond Princess,Diamond Princess,45
2020-03-09,Diamond Princess,Diamond Princess,45
2020-03-10,Diamond Princess,Diamond Princess,46
2020-03-11,Diamond Princess,Diamond Princess,46
2020-03-12,Diamond Princess,Diamond Princess,46
2020-01-22,District of Columbia,District of Columbia,0
2020-01-23,District of Columbia,District of Columbia,0
2020-01-24,District of Columbia,District of Columbia,0
2020-01-25,District of Columbia,District of Columbia,0
2020-01-26,District of Columbia,District of Columbia,0
2020-01-27,District of Columbia,District of Columbia,0
2020-01-28,District of Columbia,District of Columbia,0
2020-01-29,District of Columbia,District of Columbia,0
2020-01-30,District of Columbia,District of Columbia,0
2020-01-31,District of Columbia,District of Columbia,0
2020-02-01,District of Columbia,District of Columbia,0
2020-02-02,District of Columbia,District of Columbia,0
2020-02-03,District of Columbia,District of Columbia,0
2020-02-04,District of Columbia,District of Columbia,0
2020-02-05,District of Columbia,District of Columbia,0
2020-02-06,District of Columbia,District of Columbia,0
2020-02-07,District of Columbia,District of Columbia,0
2020-02-08,District of Columbia,District of Columbia,0
2020-02-09,District of Columbia,District of Columbia,0
2020-02-10,District of Columbia,District of Columbia,0
2020-02-11,District of Columbia,District of Columbia,0
2020-02-12,District of Columbia,District of Columbia,0
2020-02-13,District of Columbia,District of Columbia,0
2020-02-14,District of Columbia,District of Columbia,0
2020-02-15,District of Columbia,District of Columbia,0
2020-02-16,District of Columbia,District of Columbia,0
2020-02-17,District of Columbia,District of Columbia,0
2020-02-18,District of Columbia,District of Columbia,0
2020-02-19,District of Columbia,District of Columbia,0
2020-02-20,District of Columbia,District of Columbia,0
2020-02-21,District of Columbia,District of Columbia,0
2020-02-22,District of Columbia,District of Columbia,0
2020-02-23,District of Columbia,District of Columbia,0
2020-02-24,District of Columbia,District of Columbia,0
2020-02-25,District of Columbia,District of Columbia,0
2020-02-26,District of Columbia,District of Columbia,0
2020-02-27,District of Columbia,District of Columbia,0
2020-02-28,District of Columbia,District of Columbia,0
2020-02-29,District of Columbia,District of Columbia,0
2020-03-01,District of Columbia,District of Columbia,0
2020-03-02,District of Columbia,District of Columbia,0
2020-03-03,District of Columbia,District of Columbia,0
2020-03-04,District of Columbia,District of Columbia,0
2020-03-05,District of Columbia,District of Columbia,0
2020-03-06,District of Columbia,District of Columbia,0
2020-03-07,District of Columbia,District of Columbia,0
2020-03-08,District of Columbia,District of Columbia,2
2020-03-09,District of Columbia,District of Columbia,2
2020-03-10,District of Columbia,District of Columbia,5
2020-03-11,District of Columbia,District of Columbia,10
2020-03-12,District of Columbia,District of Columbia,10
2020-01-22,Florida,Florida,0
2020-01-23,Florida,Florida,0
2020-01-24,Florida,Florida,0
2020-01-25,Florida,Florida,0
2020-01-26,Florida,Florida,0
2020-01-27,Florida,Florida,0
2020-01-28,Florida,Florida,0
2020-01-29,Florida,Florida,0
2020-01-30,Florida,Florida,0
2020-01-31,Florida,Florida,0
2020-02-01,Florida,Florida,0
2020-02-02,Florida,Florida,0
2020-02-03,Florida,Florida,0
2020-02-04,Florida,Florida,0
2020-02-05,Florida,Florida,0
2020-02-06,Florida,Florida,0
2020-02-07,Florida,Florida,0
2020-02-08,Florida,Florida,0
2020-02-09,Florida,Florida,0
2020-02-10,Florida,Florida,0
2020-02-11,Florida,Florida,0
2020-02-12,Florida,Florida,0
2020-02-13,Florida,Florida,0
2020-02-14,Florida,Florida,0
2020-02-15,Florida,Florida,0
2020-02-16,Florida,Florida,0
2020-02-17,Florida,Florida,0
2020-02-18,Florida,Florida,0
2020-02-19,Florida,Florida,0
2020-02-20,Florida,Florida,0
2020-02-21,Florida,Florida,0
2020-02-22,Florida,Florida,0
2020-02-23,Florida,Florida,0
2020-02-24,Florida,Florida,0
2020-02-25,Florida,Florida,0
2020-02-26,Florida,Florida,0
2020-02-27,Florida,Florida,0
2020-02-28,Florida,Florida,0
2020-02-29,Florida,Florida,0
2020-03-01,Florida,Florida,0
2020-03-02,Florida,Florida,1
2020-03-03,Florida,Florida,2
2020-03-04,Florida,Florida,2
2020-03-05,Florida,Florida,3
2020-03-06,Florida,Florida,3
2020-03-07,Florida,Florida,7
2020-03-08,Florida,Florida,10
2020-03-09,Florida,Florida,13
2020-03-10,Florida,Florida,15
2020-03-11,Florida,Florida,28
2020-03-12,Florida,Florida,35
2020-01-22,Georgia,Georgia,0
2020-01-23,Georgia,Georgia,0
2020-01-24,Georgia,Georgia,0
2020-01-25,Georgia,Georgia,0
2020-01-26,Georgia,Georgia,0
2020-01-27,Georgia,Georgia,0
2020-01-28,Georgia,Georgia,0
2020-01-29,Georgia,Georgia,0
2020-01-30,Georgia,Georgia,0
2020-01-31,Georgia,Georgia,0
2020-02-01,Georgia,Georgia,0
2020-02-02,Georgia,Georgia,0
2020-02-03,Georgia,Georgia,0
2020-02-04,Georgia,Georgia,0
2020-02-05,Georgia,Georgia,0
2020-02-06,Georgia,Georgia,0
2020-02-07,Georgia,Georgia,0
2020-02-08,Georgia,Georgia,0
2020-02-09,Georgia,Georgia,0
2020-02-10,Georgia,Georgia,0
2020-02-11,Georgia,Georgia,0
2020-02-12,Georgia,Georgia,0
2020-02-13,Georgia,Georgia,0
2020-02-14,Georgia,Georgia,0
2020-02-15,Georgia,Georgia,0
2020-02-16,Georgia,Georgia,0
2020-02-17,Georgia,Georgia,0
2020-02-18,Georgia,Georgia,0
2020-02-19,Georgia,Georgia,0
2020-02-20,Georgia,Georgia,0
2020-02-21,Georgia,Georgia,0
2020-02-22,Georgia,Georgia,0
2020-02-23,Georgia,Georgia,0
2020-02-24,Georgia,Georgia,0
2020-02-25,Georgia,Georgia,0
2020-02-26,Georgia,Georgia,0
2020-02-27,Georgia,Georgia,0
2020-02-28,Georgia,Georgia,0
2020-02-29,Georgia,Georgia,0
2020-03-01,Georgia,Georgia,0
2020-03-02,Georgia,Georgia,0
2020-03-03,Georgia,Georgia,2
2020-03-04,Georgia,Georgia,2
2020-03-05,Georgia,Georgia,2
2020-03-06,Georgia,Georgia,3
2020-03-07,Georgia,Georgia,5
2020-03-08,Georgia,Georgia,5
2020-03-09,Georgia,Georgia,10
2020-03-10,Georgia,Georgia,17
2020-03-11,Georgia,Georgia,23
2020-03-12,Georgia,Georgia,31
2020-01-22,Grand Princess,Grand Princess,0
2020-01-23,Grand Princess,Grand Princess,0
2020-01-24,Grand Princess,Grand Princess,0
2020-01-25,Grand Princess,Grand Princess,0
2020-01-26,Grand Princess,Grand Princess,0
2020-01-27,Grand Princess,Grand Princess,0
2020-01-28,Grand Princess,Grand Princess,0
2020-01-29,Grand Princess,Grand Princess,0
2020-01-30,Grand Princess,Grand Princess,0
2020-01-31,Grand Princess,Grand Princess,0
2020-02-01,Grand Princess,Grand Princess,0
2020-02-02,Grand Princess,Grand Princess,0
2020-02-03,Grand Princess,Grand Princess,0
2020-02-04,Grand Princess,Grand Princess,0
2020-02-05,Grand Princess,Grand Princess,0
2020-02-06,Grand Princess,Grand Princess,0
2020-02-07,Grand Princess,Grand Princess,0
2020-02-08,Grand Princess,Grand Princess,0
2020-02-09,Grand Princess,Grand Princess,0
2020-02-10,Grand Princess,Grand Princess,0
2020-02-11,Grand Princess,Grand Princess,0
2020-02-12,Grand Princess,Grand Princess,0
2020-02-13,Grand Princess,Grand Princess,0
2020-02-14,Grand Princess,Grand Princess,0
2020-02-15,Grand Princess,Grand Princess,0
2020-02-16,Grand Princess,Grand Princess,0
2020-02-17,Grand Princess,Grand Princess,0
2020-02-18,Grand Princess,Grand Princess,0
2020-02-19,Grand Princess,Grand Princess,0
2020-02-20,Grand Princess,Grand Princess,0
2020-02-21,Grand Princess,Grand Princess,0
2020-02-22,Grand Princess,Grand Princess,0
2020-02-23,Grand Princess,Grand Princess,0
2020-02-24,Grand Princess,Grand Princess,0
2020-02-25,Grand Princess,Grand Princess,0
2020-02-26,Grand Princess,Grand Princess,0
2020-02-27,Grand Princess,Grand Princess,0
2020-02-28,Grand Princess,Grand Princess,0
2020-02-29,Grand Princess,Grand Princess,0
2020-03-01,Grand Princess,Grand Princess,0
2020-03-02,Grand Princess,Grand Princess,0
2020-03-03,Grand Princess,Grand Princess,0
2020-03-04,Grand Princess,Grand Princess,0
2020-03-05,Grand Princess,Grand Princess,0
2020-03-06,Grand Princess,Grand Princess,0
2020-03-07,Grand Princess,Grand Princess,21
2020-03-08,Grand Princess,Grand Princess,21
2020-03-09,Grand Princess,Grand Princess,21
2020-03-10,Grand Princess,Grand Princess,21
2020-03-11,Grand Princess,Grand Princess,21
2020-03-12,Grand Princess,Grand Princess,21
2020-01-22,Hawaii,Hawaii,0
2020-01-23,Hawaii,Hawaii,0
2020-01-24,Hawaii,Hawaii,0
2020-01-25,Hawaii,Hawaii,0
2020-01-26,Hawaii,Hawaii,0
2020-01-27,Hawaii,Hawaii,0
2020-01-28,Hawaii,Hawaii,0
2020-01-29,Hawaii,Hawaii,0
2020-01-30,Hawaii,Hawaii,0
2020-01-31,Hawaii,Hawaii,0
2020-02-01,Hawaii,Hawaii,0
2020-02-02,Hawaii,Hawaii,0
2020-02-03,Hawaii,Hawaii,0
2020-02-04,Hawaii,Hawaii,0
2020-02-05,Hawaii,Hawaii,0
2020-02-06,Hawaii,Hawaii,0
2020-02-07,Hawaii,Hawaii,0
2020-02-08,Hawaii,Hawaii,0
2020-02-09,Hawaii,Hawaii,0
2020-02-10,Hawaii,Hawaii,0
2020-02-11,Hawaii,Hawaii,0
2020-02-12,Hawaii,Hawaii,0
2020-02-13,Hawaii,Hawaii,0
2020-02-14,Hawaii,Hawaii,0
2020-02-15,Hawaii,Hawaii,0
2020-02-16,Hawaii,Hawaii,0
2020-02-17,Hawaii,Hawaii,0
2020-02-18,Hawaii,Hawaii,0
2020-02-19,Hawaii,Hawaii,0
2020-02-20,Hawaii,Hawaii,0
2020-02-21,Hawaii,Hawaii,0
2020-02-22,Hawaii,Hawaii,0
2020-02-23,Hawaii,Hawaii,0
2020-02-24,Hawaii,Hawaii,0
2020-02-25,Hawaii,Hawaii,0
2020-02-26,Hawaii,Hawaii,0
2020-02-27,Hawaii,Hawaii,0
2020-02-28,Hawaii,Hawaii,0
2020-02-29,Hawaii,Hawaii,0
2020-03-01,Hawaii,Hawaii,0
2020-03-02,Hawaii,Hawaii,0
2020-03-03,Hawaii,Hawaii,0
2020-03-04,Hawaii,Hawaii,0
2020-03-05,Hawaii,Hawaii,0
2020-03-06,Hawaii,Hawaii,0
2020-03-07,Hawaii,Hawaii,1
2020-03-08,Hawaii,Hawaii,1
2020-03-09,Hawaii,Hawaii,1
2020-03-10,Hawaii,Hawaii,2
2020-03-11,Hawaii,Hawaii,2
2020-03-12,Hawaii,Hawaii,2
2020-01-22,Idaho,Idaho,0
2020-01-23,Idaho,Idaho,0
2020-01-24,Idaho,Idaho,0
2020-01-25,Idaho,Idaho,0
2020-01-26,Idaho,Idaho,0
2020-01-27,Idaho,Idaho,0
2020-01-28,Idaho,Idaho,0
2020-01-29,Idaho,Idaho,0
2020-01-30,Idaho,Idaho,0
2020-01-31,Idaho,Idaho,0
2020-02-01,Idaho,Idaho,0
2020-02-02,Idaho,Idaho,0
2020-02-03,Idaho,Idaho,0
2020-02-04,Idaho,Idaho,0
2020-02-05,Idaho,Idaho,0
2020-02-06,Idaho,Idaho,0
2020-02-07,Idaho,Idaho,0
2020-02-08,Idaho,Idaho,0
2020-02-09,Idaho,Idaho,0
2020-02-10,Idaho,Idaho,0
2020-02-11,Idaho,Idaho,0
2020-02-12,Idaho,Idaho,0
2020-02-13,Idaho,Idaho,0
2020-02-14,Idaho,Idaho,0
2020-02-15,Idaho,Idaho,0
2020-02-16,Idaho,Idaho,0
2020-02-17,Idaho,Idaho,0
2020-02-18,Idaho,Idaho,0
2020-02-19,Idaho,Idaho,0
2020-02-20,Idaho,Idaho,0
2020-02-21,Idaho,Idaho,0
2020-02-22,Idaho,Idaho,0
2020-02-23,Idaho,Idaho,0
2020-02-24,Idaho,Idaho,0
2020-02-25,Idaho,Idaho,0
2020-02-26,Idaho,Idaho,0
2020-02-27,Idaho,Idaho,0
2020-02-28,Idaho,Idaho,0
2020-02-29,Idaho,Idaho,0
2020-03-01,Idaho,Idaho,0
2020-03-02,Idaho,Idaho,0
2020-03-03,Idaho,Idaho,0
2020-03-04,Idaho,Idaho,0
2020-03-05,Idaho,Idaho,0
2020-03-06,Idaho,Idaho,0
2020-03-07,Idaho,Idaho,0
2020-03-08,Idaho,Idaho,0
2020-03-09,Idaho,Idaho,0
2020-03-10,Idaho,Idaho,0
2020-03-11,Idaho,Idaho,0
2020-03-12,Idaho,Idaho,0
2020-01-22,Illinois,Illinois,0
2020-01-23,Illinois,Illinois,0
2020-01-24,Illinois,Illinois,1
2020-01-25,Illinois,Illinois,1
2020-01-26,Illinois,Illinois,1
2020-01-27,Illinois,Illinois,1
2020-01-28,Illinois,Illinois,1
2020-01-29,Illinois,Illinois,1
2020-01-30,Illinois,Illinois,1
2020-01-31,Illinois,Illinois,2
2020-02-01,Illinois,Illinois,2
2020-02-02,Illinois,Illinois,2
2020-02-03,Illinois,Illinois,2
2020-02-04,Illinois,Illinois,2
2020-02-05,Illinois,Illinois,2
2020-02-06,Illinois,Illinois,2
2020-02-07,Illinois,Illinois,2
2020-02-08,Illinois,Illinois,2
2020-02-09,Illinois,Illinois,2
2020-02-10,Illinois,Illinois,2
2020-02-11,Illinois,Illinois,2
2020-02-12,Illinois,Illinois,2
2020-02-13,Illinois,Illinois,2
2020-02-14,Illinois,Illinois,2
2020-02-15,Illinois,Illinois,2
2020-02-16,Illinois,Illinois,2
2020-02-17,Illinois,Illinois,2
2020-02-18,Illinois,Illinois,2
2020-02-19,Illinois,Illinois,2
2020-02-20,Illinois,Illinois,2
2020-02-21,Illinois,Illinois,2
2020-02-22,Illinois,Illinois,2
2020-02-23,Illinois,Illinois,2
2020-02-24,Illinois,Illinois,2
2020-02-25,Illinois,Illinois,2
2020-02-26,Illinois,Illinois,2
2020-02-27,Illinois,Illinois,2
2020-02-28,Illinois,Illinois,2
2020-02-29,Illinois,Illinois,2
2020-03-01,Illinois,Illinois,3
2020-03-02,Illinois,Illinois,4
2020-03-03,Illinois,Illinois,4
2020-03-04,Illinois,Illinois,4
2020-03-05,Illinois,Illinois,5
2020-03-06,Illinois,Illinois,5
2020-03-07,Illinois,Illinois,6
2020-03-08,Illinois,Illinois,7
2020-03-09,Illinois,Illinois,7
2020-03-10,Illinois,Illinois,12
2020-03-11,Illinois,Illinois,25
2020-03-12,Illinois,Illinois,32
2020-01-22,Indiana,Indiana,0
2020-01-23,Indiana,Indiana,0
2020-01-24,Indiana,Indiana,0
2020-01-25,Indiana,Indiana,0
2020-01-26,Indiana,Indiana,0
2020-01-27,Indiana,Indiana,0
2020-01-28,Indiana,Indiana,0
2020-01-29,Indiana,Indiana,0
2020-01-30,Indiana,Indiana,0
2020-01-31,Indiana,Indiana,0
2020-02-01,Indiana,Indiana,0
2020-02-02,Indiana,Indiana,0
2020-02-03,Indiana,Indiana,0
2020-02-04,Indiana,Indiana,0
2020-02-05,Indiana,Indiana,0
2020-02-06,Indiana,Indiana,0
2020-02-07,Indiana,Indiana,0
2020-02-08,Indiana,Indiana,0
2020-02-09,Indiana,Indiana,0
2020-02-10,Indiana,Indiana,0
2020-02-11,Indiana,Indiana,0
2020-02-12,Indiana,Indiana,0
2020-02-13,Indiana,Indiana,0
2020-02-14,Indiana,Indiana,0
2020-02-15,Indiana,Indiana,0
2020-02-16,Indiana,Indiana,0
2020-02-17,Indiana,Indiana,0
2020-02-18,Indiana,Indiana,0
2020-02-19,Indiana,Indiana,0
2020-02-20,Indiana,Indiana,0
2020-02-21,Indiana,Indiana,0
2020-02-22,Indiana,Indiana,0
2020-02-23,Indiana,Indiana,0
2020-02-24,Indiana,Indiana,0
2020-02-25,Indiana,Indiana,0
2020-02-26,Indiana,Indiana,0
2020-02-27,Indiana,Indiana,0
2020-02-28,Indiana,Indiana,0
2020-02-29,Indiana,Indiana,0
2020-03-01,Indiana,Indiana,0
2020-03-02,Indiana,Indiana,0
2020-03-03,Indiana,Indiana,0
2020-03-04,Indiana,Indiana,0
2020-03-05,Indiana,Indiana,0
2020-03-06,Indiana,Indiana,1
2020-03-07,Indiana,Indiana,1
2020-03-08,Indiana,Indiana,2
2020-03-09,Indiana,Indiana,3
2020-03-10,Indiana,Indiana,6
2020-03-11,Indiana,Indiana,11
2020-03-12,Indiana,Indiana,13
2020-01-22,Iowa,Iowa,0
2020-01-23,Iowa,Iowa,0
2020-01-24,Iowa,Iowa,0
2020-01-25,Iowa,Iowa,0
2020-01-26,Iowa,Iowa,0
2020-01-27,Iowa,Iowa,0
2020-01-28,Iowa,Iowa,0
2020-01-29,Iowa,Iowa,0
2020-01-30,Iowa,Iowa,0
2020-01-31,Iowa,Iowa,0
2020-02-01,Iowa,Iowa,0
2020-02-02,Iowa,Iowa,0
2020-02-03,Iowa,Iowa,0
2020-02-04,Iowa,Iowa,0
2020-02-05,Iowa,Iowa,0
2020-02-06,Iowa,Iowa,0
2020-02-07,Iowa,Iowa,0
2020-02-08,Iowa,Iowa,0
2020-02-09,Iowa,Iowa,0
2020-02-10,Iowa,Iowa,0
2020-02-11,Iowa,Iowa,0
2020-02-12,Iowa,Iowa,0
2020-02-13,Iowa,Iowa,0
2020-02-14,Iowa,Iowa,0
2020-02-15,Iowa,Iowa,0
2020-02-16,Iowa,Iowa,0
2020-02-17,Iowa,Iowa,0
2020-02-18,Iowa,Iowa,0
2020-02-19,Iowa,Iowa,0
2020-02-20,Iowa,Iowa,0
2020-02-21,Iowa,Iowa,0
2020-02-22,Iowa,Iowa,0
2020-02-23,Iowa,Iowa,0
2020-02-24,Iowa,Iowa,0
2020-02-25,Iowa,Iowa,0
2020-02-26,Iowa,Iowa,0
2020-02-27,Iowa,Iowa,0
2020-02-28,Iowa,Iowa,0
2020-02-29,Iowa,Iowa,0
2020-03-01,Iowa,Iowa,0
2020-03-02,Iowa,Iowa,0
2020-03-03,Iowa,Iowa,0
2020-03-04,Iowa,Iowa,0
2020-03-05,Iowa,Iowa,0
2020-03-06,Iowa,Iowa,0
2020-03-07,Iowa,Iowa,0
2020-03-08,Iowa,Iowa,0
2020-03-09,Iowa,Iowa,3
2020-03-10,Iowa,Iowa,8
2020-03-11,Iowa,Iowa,13
2020-03-12,Iowa,Iowa,16
2020-01-22,Kansas,Kansas,0
2020-01-23,Kansas,Kansas,0
2020-01-24,Kansas,Kansas,0
2020-01-25,Kansas,Kansas,0
2020-01-26,Kansas,Kansas,0
2020-01-27,Kansas,Kansas,0
2020-01-28,Kansas,Kansas,0
2020-01-29,Kansas,Kansas,0
2020-01-30,Kansas,Kansas,0
2020-01-31,Kansas,Kansas,0
2020-02-01,Kansas,Kansas,0
2020-02-02,Kansas,Kansas,0
2020-02-03,Kansas,Kansas,0
2020-02-04,Kansas,Kansas,0
2020-02-05,Kansas,Kansas,0
2020-02-06,Kansas,Kansas,0
2020-02-07,Kansas,Kansas,0
2020-02-08,Kansas,Kansas,0
2020-02-09,Kansas,Kansas,0
2020-02-10,Kansas,Kansas,0
2020-02-11,Kansas,Kansas,0
2020-02-12,Kansas,Kansas,0
2020-02-13,Kansas,Kansas,0
2020-02-14,Kansas,Kansas,0
2020-02-15,Kansas,Kansas,0
2020-02-16,Kansas,Kansas,0
2020-02-17,Kansas,Kansas,0
2020-02-18,Kansas,Kansas,0
2020-02-19,Kansas,Kansas,0
2020-02-20,Kansas,Kansas,0
2020-02-21,Kansas,Kansas,0
2020-02-22,Kansas,Kansas,0
2020-02-23,Kansas,Kansas,0
2020-02-24,Kansas,Kansas,0
2020-02-25,Kansas,Kansas,0
2020-02-26,Kansas,Kansas,0
2020-02-27,Kansas,Kansas,0
2020-02-28,Kansas,Kansas,0
2020-02-29,Kansas,Kansas,0
2020-03-01,Kansas,Kansas,0
2020-03-02,Kansas,Kansas,0
2020-03-03,Kansas,Kansas,0
2020-03-04,Kansas,Kansas,0
2020-03-05,Kansas,Kansas,0
2020-03-06,Kansas,Kansas,0
2020-03-07,Kansas,Kansas,0
2020-03-08,Kansas,Kansas,1
2020-03-09,Kansas,Kansas,1
2020-03-10,Kansas,Kansas,1
2020-03-11,Kansas,Kansas,1
2020-03-12,Kansas,Kansas,1
2020-01-22,Kentucky,Kentucky,0
2020-01-23,Kentucky,Kentucky,0
2020-01-24,Kentucky,Kentucky,0
2020-01-25,Kentucky,Kentucky,0
2020-01-26,Kentucky,Kentucky,0
2020-01-27,Kentucky,Kentucky,0
2020-01-28,Kentucky,Kentucky,0
2020-01-29,Kentucky,Kentucky,0
2020-01-30,Kentucky,Kentucky,0
2020-01-31,Kentucky,Kentucky,0
2020-02-01,Kentucky,Kentucky,0
2020-02-02,Kentucky,Kentucky,0
2020-02-03,Kentucky,Kentucky,0
2020-02-04,Kentucky,Kentucky,0
2020-02-05,Kentucky,Kentucky,0
2020-02-06,Kentucky,Kentucky,0
2020-02-07,Kentucky,Kentucky,0
2020-02-08,Kentucky,Kentucky,0
2020-02-09,Kentucky,Kentucky,0
2020-02-10,Kentucky,Kentucky,0
2020-02-11,Kentucky,Kentucky,0
2020-02-12,Kentucky,Kentucky,0
2020-02-13,Kentucky,Kentucky,0
2020-02-14,Kentucky,Kentucky,0
2020-02-15,Kentucky,Kentucky,0
2020-02-16,Kentucky,Kentucky,0
2020-02-17,Kentucky,Kentucky,0
2020-02-18,Kentucky,Kentucky,0
2020-02-19,Kentucky,Kentucky,0
2020-02-20,Kentucky,Kentucky,0
2020-02-21,Kentucky,Kentucky,0
2020-02-22,Kentucky,Kentucky,0
2020-02-23,Kentucky,Kentucky,0
2020-02-24,Kentucky,Kentucky,0
2020-02-25,Kentucky,Kentucky,0
2020-02-26,Kentucky,Kentucky,0
2020-02-27,Kentucky,Kentucky,0
2020-02-28,Kentucky,Kentucky,0
2020-02-29,Kentucky,Kentucky,0
2020-03-01,Kentucky,Kentucky,0
2020-03-02,Kentucky,Kentucky,0
2020-03-03,Kentucky,Kentucky,0
2020-03-04,Kentucky,Kentucky,0
2020-03-05,Kentucky,Kentucky,0
2020-03-06,Kentucky,Kentucky,1
2020-03-07,Kentucky,Kentucky,1
2020-03-08,Kentucky,Kentucky,1
2020-03-09,Kentucky,Kentucky,4
2020-03-10,Kentucky,Kentucky,6
2020-03-11,Kentucky,Kentucky,8
2020-03-12,Kentucky,Kentucky,10
2020-01-22,Louisiana,Louisiana,0
2020-01-23,Louisiana,Louisiana,0
2020-01-24,Louisiana,Louisiana,0
2020-01-25,Louisiana,Louisiana,0
2020-01-26,Louisiana,Louisiana,0
2020-01-27,Louisiana,Louisiana,0
2020-01-28,Louisiana,Louisiana,0
2020-01-29,Louisiana,Louisiana,0
2020-01-30,Louisiana,Louisiana,0
2020-01-31,Louisiana,Louisiana,0
2020-02-01,Louisiana,Louisiana,0
2020-02-02,Louisiana,Louisiana,0
2020-02-03,Louisiana,Louisiana,0
2020-02-04,Louisiana,Louisiana,0
2020-02-05,Louisiana,Louisiana,0
2020-02-06,Louisiana,Louisiana,0
2020-02-07,Louisiana,Louisiana,0
2020-02-08,Louisiana,Louisiana,0
2020-02-09,Louisiana,Louisiana,0
2020-02-10,Louisiana,Louisiana,0
2020-02-11,Louisiana,Louisiana,0
2020-02-12,Louisiana,Louisiana,0
2020-02-13,Louisiana,Louisiana,0
2020-02-14,Louisiana,Louisiana,0
2020-02-15,Louisiana,Louisiana,0
2020-02-16,Louisiana,Louisiana,0
2020-02-17,Louisiana,Louisiana,0
2020-02-18,Louisiana,Louisiana,0
2020-02-19,Louisiana,Louisiana,0
2020-02-20,Louisiana,Louisiana,0
2020-02-21,Louisiana,Louisiana,0
2020-02-22,Louisiana,Louisiana,0
2020-02-23,Louisiana,Louisiana,0
2020-02-24,Louisiana,Louisiana,0
2020-02-25,Louisiana,Louisiana,0
2020-02-26,Louisiana,Louisiana,0
2020-02-27,Louisiana,Louisiana,0
2020-02-28,Louisiana,Louisiana,0
2020-02-29,Louisiana,Louisiana,0
2020-03-01,Louisiana,Louisiana,0
2020-03-02,Louisiana,Louisiana,0
2020-03-03,Louisiana,Louisiana,0
2020-03-04,Louisiana,Louisiana,0
2020-03-05,Louisiana,Louisiana,0
2020-03-06,Louisiana,Louisiana,0
2020-03-07,Louisiana,Louisiana,0
2020-03-08,Louisiana,Louisiana,0
2020-03-09,Louisiana,Louisiana,1
2020-03-10,Louisiana,Louisiana,1
2020-03-11,Louisiana,Louisiana,6
2020-03-12,Louisiana,Louisiana,19
2020-01-22,Maine,Maine,0
2020-01-23,Maine,Maine,0
2020-01-24,Maine,Maine,0
2020-01-25,Maine,Maine,0
2020-01-26,Maine,Maine,0
2020-01-27,Maine,Maine,0
2020-01-28,Maine,Maine,0
2020-01-29,Maine,Maine,0
2020-01-30,Maine,Maine,0
2020-01-31,Maine,Maine,0
2020-02-01,Maine,Maine,0
2020-02-02,Maine,Maine,0
2020-02-03,Maine,Maine,0
2020-02-04,Maine,Maine,0
2020-02-05,Maine,Maine,0
2020-02-06,Maine,Maine,0
2020-02-07,Maine,Maine,0
2020-02-08,Maine,Maine,0
2020-02-09,Maine,Maine,0
2020-02-10,Maine,Maine,0
2020-02-11,Maine,Maine,0
2020-02-12,Maine,Maine,0
2020-02-13,Maine,Maine,0
2020-02-14,Maine,Maine,0
2020-02-15,Maine,Maine,0
2020-02-16,Maine,Maine,0
2020-02-17,Maine,Maine,0
2020-02-18,Maine,Maine,0
2020-02-19,Maine,Maine,0
2020-02-20,Maine,Maine,0
2020-02-21,Maine,Maine,0
2020-02-22,Maine,Maine,0
2020-02-23,Maine,Maine,0
2020-02-24,Maine,Maine,0
2020-02-25,Maine,Maine,0
2020-02-26,Maine,Maine,0
2020-02-27,Maine,Maine,0
2020-02-28,Maine,Maine,0
2020-02-29,Maine,Maine,0
2020-03-01,Maine,Maine,0
2020-03-02,Maine,Maine,0
2020-03-03,Maine,Maine,0
2020-03-04,Maine,Maine,0
2020-03-05,Maine,Maine,0
2020-03-06,Maine,Maine,0
2020-03-07,Maine,Maine,0
2020-03-08,Maine,Maine,0
2020-03-09,Maine,Maine,0
2020-03-10,Maine,Maine,0
2020-03-11,Maine,Maine,0
2020-03-12,Maine,Maine,0
2020-01-22,Maryland,Maryland,0
2020-01-23,Maryland,Maryland,0
2020-01-24,Maryland,Maryland,0
2020-01-25,Maryland,Maryland,0
2020-01-26,Maryland,Maryland,0
2020-01-27,Maryland,Maryland,0
2020-01-28,Maryland,Maryland,0
2020-01-29,Maryland,Maryland,0
2020-01-30,Maryland,Maryland,0
2020-01-31,Maryland,Maryland,0
2020-02-01,Maryland,Maryland,0
2020-02-02,Maryland,Maryland,0
2020-02-03,Maryland,Maryland,0
2020-02-04,Maryland,Maryland,0
2020-02-05,Maryland,Maryland,0
2020-02-06,Maryland,Maryland,0
2020-02-07,Maryland,Maryland,0
2020-02-08,Maryland,Maryland,0
2020-02-09,Maryland,Maryland,0
2020-02-10,Maryland,Maryland,0
2020-02-11,Maryland,Maryland,0
2020-02-12,Maryland,Maryland,0
2020-02-13,Maryland,Maryland,0
2020-02-14,Maryland,Maryland,0
2020-02-15,Maryland,Maryland,0
2020-02-16,Maryland,Maryland,0
2020-02-17,Maryland,Maryland,0
2020-02-18,Maryland,Maryland,0
2020-02-19,Maryland,Maryland,0
2020-02-20,Maryland,Maryland,0
2020-02-21,Maryland,Maryland,0
2020-02-22,Maryland,Maryland,0
2020-02-23,Maryland,Maryland,0
2020-02-24,Maryland,Maryland,0
2020-02-25,Maryland,Maryland,0
2020-02-26,Maryland,Maryland,0
2020-02-27,Maryland,Maryland,0
2020-02-28,Maryland,Maryland,0
2020-02-29,Maryland,Maryland,0
2020-03-01,Maryland,Maryland,0
2020-03-02,Maryland,Maryland,0
2020-03-03,Maryland,Maryland,0
2020-03-04,Maryland,Maryland,0
2020-03-05,Maryland,Maryland,0
2020-03-06,Maryland,Maryland,3
2020-03-07,Maryland,Maryland,3
2020-03-08,Maryland,Maryland,5
2020-03-09,Maryland,Maryland,5
2020-03-10,Maryland,Maryland,8
2020-03-11,Maryland,Maryland,9
2020-03-12,Maryland,Maryland,12
2020-01-22,Massachusetts,Massachusetts,0
2020-01-23,Massachusetts,Massachusetts,0
2020-01-24,Massachusetts,Massachusetts,0
2020-01-25,Massachusetts,Massachusetts,0
2020-01-26,Massachusetts,Massachusetts,0
2020-01-27,Massachusetts,Massachusetts,0
2020-01-28,Massachusetts,Massachusetts,0
2020-01-29,Massachusetts,Massachusetts,0
2020-01-30,Massachusetts,Massachusetts,0
2020-01-31,Massachusetts,Massachusetts,0
2020-02-01,Massachusetts,Massachusetts,1
2020-02-02,Massachusetts,Massachusetts,1
2020-02-03,Massachusetts,Massachusetts,1
2020-02-04,Massachusetts,Massachusetts,1
2020-02-05,Massachusetts,Massachusetts,1
2020-02-06,Massachusetts,Massachusetts,1
2020-02-07,Massachusetts,Massachusetts,1
2020-02-08,Massachusetts,Massachusetts,1
2020-02-09,Massachusetts,Massachusetts,1
2020-02-10,Massachusetts,Massachusetts,1
2020-02-11,Massachusetts,Massachusetts,1
2020-02-12,Massachusetts,Massachusetts,1
2020-02-13,Massachusetts,Massachusetts,1
2020-02-14,Massachusetts,Massachusetts,1
2020-02-15,Massachusetts,Massachusetts,1
2020-02-16,Massachusetts,Massachusetts,1
2020-02-17,Massachusetts,Massachusetts,1
2020-02-18,Massachusetts,Massachusetts,1
2020-02-19,Massachusetts,Massachusetts,1
2020-02-20,Massachusetts,Massachusetts,1
2020-02-21,Massachusetts,Massachusetts,1
2020-02-22,Massachusetts,Massachusetts,1
2020-02-23,Massachusetts,Massachusetts,1
2020-02-24,Massachusetts,Massachusetts,1
2020-02-25,Massachusetts,Massachusetts,1
2020-02-26,Massachusetts,Massachusetts,1
2020-02-27,Massachusetts,Massachusetts,1
2020-02-28,Massachusetts,Massachusetts,1
2020-02-29,Massachusetts,Massachusetts,1
2020-03-01,Massachusetts,Massachusetts,1
2020-03-02,Massachusetts,Massachusetts,1
2020-03-03,Massachusetts,Massachusetts,2
2020-03-04,Massachusetts,Massachusetts,2
2020-03-05,Massachusetts,Massachusetts,2
2020-03-06,Massachusetts,Massachusetts,6
2020-03-07,Massachusetts,Massachusetts,6
2020-03-08,Massachusetts,Massachusetts,22
2020-03-09,Massachusetts,Massachusetts,22
2020-03-10,Massachusetts,Massachusetts,92
2020-03-11,Massachusetts,Massachusetts,95
2020-03-12,Massachusetts,Massachusetts,108
2020-01-22,Michigan,Michigan,0
2020-01-23,Michigan,Michigan,0
2020-01-24,Michigan,Michigan,0
2020-01-25,Michigan,Michigan,0
2020-01-26,Michigan,Michigan,0
2020-01-27,Michigan,Michigan,0
2020-01-28,Michigan,Michigan,0
2020-01-29,Michigan,Michigan,0
2020-01-30,Michigan,Michigan,0
2020-01-31,Michigan,Michigan,0
2020-02-01,Michigan,Michigan,0
2020-02-02,Michigan,Michigan,0
2020-02-03,Michigan,Michigan,0
2020-02-04,Michigan,Michigan,0
2020-02-05,Michigan,Michigan,0
2020-02-06,Michigan,Michigan,0
2020-02-07,Michigan,Michigan,0
2020-02-08,Michigan,Michigan,0
2020-02-09,Michigan,Michigan,0
2020-02-10,Michigan,Michigan,0
2020-02-11,Michigan,Michigan,0
2020-02-12,Michigan,Michigan,0
2020-02-13,Michigan,Michigan,0
2020-02-14,Michigan,Michigan,0
2020-02-15,Michigan,Michigan,0
2020-02-16,Michigan,Michigan,0
2020-02-17,Michigan,Michigan,0
2020-02-18,Michigan,Michigan,0
2020-02-19,Michigan,Michigan,0
2020-02-20,Michigan,Michigan,0
2020-02-21,Michigan,Michigan,0
2020-02-22,Michigan,Michigan,0
2020-02-23,Michigan,Michigan,0
2020-02-24,Michigan,Michigan,0
2020-02-25,Michigan,Michigan,0
2020-02-26,Michigan,Michigan,0
2020-02-27,Michigan,Michigan,0
2020-02-28,Michigan,Michigan,0
2020-02-29,Michigan,Michigan,0
2020-03-01,Michigan,Michigan,0
2020-03-02,Michigan,Michigan,0
2020-03-03,Michigan,Michigan,0
2020-03-04,Michigan,Michigan,0
2020-03-05,Michigan,Michigan,0
2020-03-06,Michigan,Michigan,0
2020-03-07,Michigan,Michigan,0
2020-03-08,Michigan,Michigan,0
2020-03-09,Michigan,Michigan,0
2020-03-10,Michigan,Michigan,0
2020-03-11,Michigan,Michigan,2
2020-03-12,Michigan,Michigan,2
2020-01-22,Minnesota,Minnesota,0
2020-01-23,Minnesota,Minnesota,0
2020-01-24,Minnesota,Minnesota,0
2020-01-25,Minnesota,Minnesota,0
2020-01-26,Minnesota,Minnesota,0
2020-01-27,Minnesota,Minnesota,0
2020-01-28,Minnesota,Minnesota,0
2020-01-29,Minnesota,Minnesota,0
2020-01-30,Minnesota,Minnesota,0
2020-01-31,Minnesota,Minnesota,0
2020-02-01,Minnesota,Minnesota,0
2020-02-02,Minnesota,Minnesota,0
2020-02-03,Minnesota,Minnesota,0
2020-02-04,Minnesota,Minnesota,0
2020-02-05,Minnesota,Minnesota,0
2020-02-06,Minnesota,Minnesota,0
2020-02-07,Minnesota,Minnesota,0
2020-02-08,Minnesota,Minnesota,0
2020-02-09,Minnesota,Minnesota,0
2020-02-10,Minnesota,Minnesota,0
2020-02-11,Minnesota,Minnesota,0
2020-02-12,Minnesota,Minnesota,0
2020-02-13,Minnesota,Minnesota,0
2020-02-14,Minnesota,Minnesota,0
2020-02-15,Minnesota,Minnesota,0
2020-02-16,Minnesota,Minnesota,0
2020-02-17,Minnesota,Minnesota,0
2020-02-18,Minnesota,Minnesota,0
2020-02-19,Minnesota,Minnesota,0
2020-02-20,Minnesota,Minnesota,0
2020-02-21,Minnesota,Minnesota,0
2020-02-22,Minnesota,Minnesota,0
2020-02-23,Minnesota,Minnesota,0
2020-02-24,Minnesota,Minnesota,0
2020-02-25,Minnesota,Minnesota,0
2020-02-26,Minnesota,Minnesota,0
2020-02-27,Minnesota,Minnesota,0
2020-02-28,Minnesota,Minnesota,0
2020-02-29,Minnesota,Minnesota,0
2020-03-01,Minnesota,Minnesota,0
2020-03-02,Minnesota,Minnesota,0
2020-03-03,Minnesota,Minnesota,0
2020-03-04,Minnesota,Minnesota,0
2020-03-05,Minnesota,Minnesota,0
2020-03-06,Minnesota,Minnesota,1
2020-03-07,Minnesota,Minnesota,1
2020-03-08,Minnesota,Minnesota,1
2020-03-09,Minnesota,Minnesota,2
2020-03-10,Minnesota,Minnesota,3
2020-03-11,Minnesota,Minnesota,5
2020-03-12,Minnesota,Minnesota,9
2020-01-22,Mississippi,Mississippi,0
2020-01-23,Mississippi,Mississippi,0
2020-01-24,Mississippi,Mississippi,0
2020-01-25,Mississippi,Mississippi,0
2020-01-26,Mississippi,Mississippi,0
2020-01-27,Mississippi,Mississippi,0
2020-01-28,Mississippi,Mississippi,0
2020-01-29,Mississippi,Mississippi,0
2020-01-30,Mississippi,Mississippi,0
2020-01-31,Mississippi,Mississippi,0
2020-02-01,Mississippi,Mississippi,0
2020-02-02,Mississippi,Mississippi,0
2020-02-03,Mississippi,Mississippi,0
2020-02-04,Mississippi,Mississippi,0
2020-02-05,Mississippi,Mississippi,0
2020-02-06,Mississippi,Mississippi,0
2020-02-07,Mississippi,Mississippi,0
2020-02-08,Mississippi,Mississippi,0
2020-02-09,Mississippi,Mississippi,0
2020-02-10,Mississippi,Mississippi,0
2020-02-11,Mississippi,Mississippi,0
2020-02-12,Mississippi,Mississippi,0
2020-02-13,Mississippi,Mississippi,0
2020-02-14,Mississippi,Mississippi,0
2020-02-15,Mississippi,Mississippi,0
2020-02-16,Mississippi,Mississippi,0
2020-02-17,Mississippi,Mississippi,0
2020-02-18,Mississippi,Mississippi,0
2020-02-19,Mississippi,Mississippi,0
2020-02-20,Mississippi,Mississippi,0
2020-02-21,Mississippi,Mississippi,0
2020-02-22,Mississippi,Mississippi,0
2020-02-23,Mississippi,Mississippi,0
2020-02-24,Mississippi,Mississippi,0
2020-02-25,Mississippi,Mississippi,0
2020-02-26,Mississippi,Mississippi,0
2020-02-27,Mississippi,Mississippi,0
2020-02-28,Mississippi,Mississippi,0
2020-02-29,Mississippi,Mississippi,0
2020-03-01,Mississippi,Mississippi,0
2020-03-02,Mississippi,Mississippi,0
2020-03-03,Mississippi,Mississippi,0
2020-03-04,Mississippi,Mississippi,0
2020-03-05,Mississippi,Mississippi,0
2020-03-06,Mississippi,Mississippi,0
2020-03-07,Mississippi,Mississippi,0
2020-03-08,Mississippi,Mississippi,0
2020-03-09,Mississippi,Mississippi,0
2020-03-10,Mississippi,Mississippi,0
2020-03-11,Mississippi,Mississippi,0
2020-03-12,Mississippi,Mississippi,1
2020-01-22,Missouri,Missouri,0
2020-01-23,Missouri,Missouri,0
2020-01-24,Missouri,Missouri,0
2020-01-25,Missouri,Missouri,0
2020-01-26,Missouri,Missouri,0
2020-01-27,Missouri,Missouri,0
2020-01-28,Missouri,Missouri,0
2020-01-29,Missouri,Missouri,0
2020-01-30,Missouri,Missouri,0
2020-01-31,Missouri,Missouri,0
2020-02-01,Missouri,Missouri,0
2020-02-02,Missouri,Missouri,0
2020-02-03,Missouri,Missouri,0
2020-02-04,Missouri,Missouri,0
2020-02-05,Missouri,Missouri,0
2020-02-06,Missouri,Missouri,0
2020-02-07,Missouri,Missouri,0
2020-02-08,Missouri,Missouri,0
2020-02-09,Missouri,Missouri,0
2020-02-10,Missouri,Missouri,0
2020-02-11,Missouri,Missouri,0
2020-02-12,Missouri,Missouri,0
2020-02-13,Missouri,Missouri,0
2020-02-14,Missouri,Missouri,0
2020-02-15,Missouri,Missouri,0
2020-02-16,Missouri,Missouri,0
2020-02-17,Missouri,Missouri,0
2020-02-18,Missouri,Missouri,0
2020-02-19,Missouri,Missouri,0
2020-02-20,Missouri,Missouri,0
2020-02-21,Missouri,Missouri,0
2020-02-22,Missouri,Missouri,0
2020-02-23,Missouri,Missouri,0
2020-02-24,Missouri,Missouri,0
2020-02-25,Missouri,Missouri,0
2020-02-26,Missouri,Missouri,0
2020-02-27,Missouri,Missouri,0
2020-02-28,Missouri,Missouri,0
2020-02-29,Missouri,Missouri,0
2020-03-01,Missouri,Missouri,0
2020-03-02,Missouri,Missouri,0
2020-03-03,Missouri,Missouri,0
2020-03-04,Missouri,Missouri,0
2020-03-05,Missouri,Missouri,0
2020-03-06,Missouri,Missouri,0
2020-03-07,Missouri,Missouri,0
2020-03-08,Missouri,Missouri,1
2020-03-09,Missouri,Missouri,1
2020-03-10,Missouri,Missouri,1
2020-03-11,Missouri,Missouri,1
2020-03-12,Missouri,Missouri,1
2020-01-22,Montana,Montana,0
2020-01-23,Montana,Montana,0
2020-01-24,Montana,Montana,0
2020-01-25,Montana,Montana,0
2020-01-26,Montana,Montana,0
2020-01-27,Montana,Montana,0
2020-01-28,Montana,Montana,0
2020-01-29,Montana,Montana,0
2020-01-30,Montana,Montana,0
2020-01-31,Montana,Montana,0
2020-02-01,Montana,Montana,0
2020-02-02,Montana,Montana,0
2020-02-03,Montana,Montana,0
2020-02-04,Montana,Montana,0
2020-02-05,Montana,Montana,0
2020-02-06,Montana,Montana,0
2020-02-07,Montana,Montana,0
2020-02-08,Montana,Montana,0
2020-02-09,Montana,Montana,0
2020-02-10,Montana,Montana,0
2020-02-11,Montana,Montana,0
2020-02-12,Montana,Montana,0
2020-02-13,Montana,Montana,0
2020-02-14,Montana,Montana,0
2020-02-15,Montana,Montana,0
2020-02-16,Montana,Montana,0
2020-02-17,Montana,Montana,0
2020-02-18,Montana,Montana,0
2020-02-19,Montana,Montana,0
2020-02-20,Montana,Montana,0
2020-02-21,Montana,Montana,0
2020-02-22,Montana,Montana,0
2020-02-23,Montana,Montana,0
2020-02-24,Montana,Montana,0
2020-02-25,Montana,Montana,0
2020-02-26,Montana,Montana,0
2020-02-27,Montana,Montana,0
2020-02-28,Montana,Montana,0
2020-02-29,Montana,Montana,0
2020-03-01,Montana,Montana,0
2020-03-02,Montana,Montana,0
2020-03-03,Montana,Montana,0
2020-03-04,Montana,Montana,0
2020-03-05,Montana,Montana,0
2020-03-06,Montana,Montana,0
2020-03-07,Montana,Montana,0
2020-03-08,Montana,Montana,0
2020-03-09,Montana,Montana,0
2020-03-10,Montana,Montana,0
2020-03-11,Montana,Montana,1
2020-03-12,Montana,Montana,1
2020-01-22,Nebraska,Nebraska,0
2020-01-23,Nebraska,Nebraska,0
2020-01-24,Nebraska,Nebraska,0
2020-01-25,Nebraska,Nebraska,0
2020-01-26,Nebraska,Nebraska,0
2020-01-27,Nebraska,Nebraska,0
2020-01-28,Nebraska,Nebraska,0
2020-01-29,Nebraska,Nebraska,0
2020-01-30,Nebraska,Nebraska,0
2020-01-31,Nebraska,Nebraska,0
2020-02-01,Nebraska,Nebraska,0
2020-02-02,Nebraska,Nebraska,0
2020-02-03,Nebraska,Nebraska,0
2020-02-04,Nebraska,Nebraska,0
2020-02-05,Nebraska,Nebraska,0
2020-02-06,Nebraska,Nebraska,0
2020-02-07,Nebraska,Nebraska,0
2020-02-08,Nebraska,Nebraska,0
2020-02-09,Nebraska,Nebraska,0
2020-02-10,Nebraska,Nebraska,0
2020-02-11,Nebraska,Nebraska,0
2020-02-12,Nebraska,Nebraska,0
2020-02-13,Nebraska,Nebraska,0
2020-02-14,Nebraska,Nebraska,0
2020-02-15,Nebraska,Nebraska,0
2020-02-16,Nebraska,Nebraska,0
2020-02-17,Nebraska,Nebraska,0
2020-02-18,Nebraska,Nebraska,0
2020-02-19,Nebraska,Nebraska,0
2020-02-20,Nebraska,Nebraska,0
2020-02-21,Nebraska,Nebraska,0
2020-02-22,Nebraska,Nebraska,0
2020-02-23,Nebraska,Nebraska,0
2020-02-24,Nebraska,Nebraska,0
2020-02-25,Nebraska,Nebraska,0
2020-02-26,Nebraska,Nebraska,0
2020-02-27,Nebraska,Nebraska,0
2020-02-28,Nebraska,Nebraska,0
2020-02-29,Nebraska,Nebraska,0
2020-03-01,Nebraska,Nebraska,0
2020-03-02,Nebraska,Nebraska,0
2020-03-03,Nebraska,Nebraska,0
2020-03-04,Nebraska,Nebraska,0
2020-03-05,Nebraska,Nebraska,0
2020-03-06,Nebraska,Nebraska,1
2020-03-07,Nebraska,Nebraska,1
2020-03-08,Nebraska,Nebraska,1
2020-03-09,Nebraska,Nebraska,3
2020-03-10,Nebraska,Nebraska,3
2020-03-11,Nebraska,Nebraska,5
2020-03-12,Nebraska,Nebraska,10
2020-01-22,Nevada,Nevada,0
2020-01-23,Nevada,Nevada,0
2020-01-24,Nevada,Nevada,0
2020-01-25,Nevada,Nevada,0
2020-01-26,Nevada,Nevada,0
2020-01-27,Nevada,Nevada,0
2020-01-28,Nevada,Nevada,0
2020-01-29,Nevada,Nevada,0
2020-01-30,Nevada,Nevada,0
2020-01-31,Nevada,Nevada,0
2020-02-01,Nevada,Nevada,0
2020-02-02,Nevada,Nevada,0
2020-02-03,Nevada,Nevada,0
2020-02-04,Nevada,Nevada,0
2020-02-05,Nevada,Nevada,0
2020-02-06,Nevada,Nevada,0
2020-02-07,Nevada,Nevada,0
2020-02-08,Nevada,Nevada,0
2020-02-09,Nevada,Nevada,0
2020-02-10,Nevada,Nevada,0
2020-02-11,Nevada,Nevada,0
2020-02-12,Nevada,Nevada,0
2020-02-13,Nevada,Nevada,0
2020-02-14,Nevada,Nevada,0
2020-02-15,Nevada,Nevada,0
2020-02-16,Nevada,Nevada,0
2020-02-17,Nevada,Nevada,0
2020-02-18,Nevada,Nevada,0
2020-02-19,Nevada,Nevada,0
2020-02-20,Nevada,Nevada,0
2020-02-21,Nevada,Nevada,0
2020-02-22,Nevada,Nevada,0
2020-02-23,Nevada,Nevada,0
2020-02-24,Nevada,Nevada,0
2020-02-25,Nevada,Nevada,0
2020-02-26,Nevada,Nevada,0
2020-02-27,Nevada,Nevada,0
2020-02-28,Nevada,Nevada,0
2020-02-29,Nevada,Nevada,0
2020-03-01,Nevada,Nevada,0
2020-03-02,Nevada,Nevada,0
2020-03-03,Nevada,Nevada,0
2020-03-04,Nevada,Nevada,0
2020-03-05,Nevada,Nevada,1
2020-03-06,Nevada,Nevada,2
2020-03-07,Nevada,Nevada,2
2020-03-08,Nevada,Nevada,4
2020-03-09,Nevada,Nevada,4
2020-03-10,Nevada,Nevada,4
2020-03-11,Nevada,Nevada,7
2020-03-12,Nevada,Nevada,14
2020-01-22,New Hampshire,New Hampshire,0
2020-01-23,New Hampshire,New Hampshire,0
2020-01-24,New Hampshire,New Hampshire,0
2020-01-25,New Hampshire,New Hampshire,0
2020-01-26,New Hampshire,New Hampshire,0
2020-01-27,New Hampshire,New Hampshire,0
2020-01-28,New Hampshire,New Hampshire,0
2020-01-29,New Hampshire,New Hampshire,0
2020-01-30,New Hampshire,New Hampshire,0
2020-01-31,New Hampshire,New Hampshire,0
2020-02-01,New Hampshire,New Hampshire,0
2020-02-02,New Hampshire,New Hampshire,0
2020-02-03,New Hampshire,New Hampshire,0
2020-02-04,New Hampshire,New Hampshire,0
2020-02-05,New Hampshire,New Hampshire,0
2020-02-06,New Hampshire,New Hampshire,0
2020-02-07,New Hampshire,New Hampshire,0
2020-02-08,New Hampshire,New Hampshire,0
2020-02-09,New Hampshire,New Hampshire,0
2020-02-10,New Hampshire,New Hampshire,0
2020-02-11,New Hampshire,New Hampshire,0
2020-02-12,New Hampshire,New Hampshire,0
2020-02-13,New Hampshire,New Hampshire,0
2020-02-14,New Hampshire,New Hampshire,0
2020-02-15,New Hampshire,New Hampshire,0
2020-02-16,New Hampshire,New Hampshire,0
2020-02-17,New Hampshire,New Hampshire,0
2020-02-18,New Hampshire,New Hampshire,0
2020-02-19,New Hampshire,New Hampshire,0
2020-02-20,New Hampshire,New Hampshire,0
2020-02-21,New Hampshire,New Hampshire,0
2020-02-22,New Hampshire,New Hampshire,0
2020-02-23,New Hampshire,New Hampshire,0
2020-02-24,New Hampshire,New Hampshire,0
2020-02-25,New Hampshire,New Hampshire,0
2020-02-26,New Hampshire,New Hampshire,0
2020-02-27,New Hampshire,New Hampshire,0
2020-02-28,New Hampshire,New Hampshire,0
2020-02-29,New Hampshire,New Hampshire,0
2020-03-01,New Hampshire,New Hampshire,0
2020-03-02,New Hampshire,New Hampshire,1
2020-03-03,New Hampshire,New Hampshire,2
2020-03-04,New Hampshire,New Hampshire,2
2020-03-05,New Hampshire,New Hampshire,2
2020-03-06,New Hampshire,New Hampshire,2
2020-03-07,New Hampshire,New Hampshire,2
2020-03-08,New Hampshire,New Hampshire,4
2020-03-09,New Hampshire,New Hampshire,4
2020-03-10,New Hampshire,New Hampshire,4
2020-03-11,New Hampshire,New Hampshire,5
2020-03-12,New Hampshire,New Hampshire,6
2020-01-22,New Jersey,New Jersey,0
2020-01-23,New Jersey,New Jersey,0
2020-01-24,New Jersey,New Jersey,0
2020-01-25,New Jersey,New Jersey,0
2020-01-26,New Jersey,New Jersey,0
2020-01-27,New Jersey,New Jersey,0
2020-01-28,New Jersey,New Jersey,0
2020-01-29,New Jersey,New Jersey,0
2020-01-30,New Jersey,New Jersey,0
2020-01-31,New Jersey,New Jersey,0
2020-02-01,New Jersey,New Jersey,0
2020-02-02,New Jersey,New Jersey,0
2020-02-03,New Jersey,New Jersey,0
2020-02-04,New Jersey,New Jersey,0
2020-02-05,New Jersey,New Jersey,0
2020-02-06,New Jersey,New Jersey,0
2020-02-07,New Jersey,New Jersey,0
2020-02-08,New Jersey,New Jersey,0
2020-02-09,New Jersey,New Jersey,0
2020-02-10,New Jersey,New Jersey,0
2020-02-11,New Jersey,New Jersey,0
2020-02-12,New Jersey,New Jersey,0
2020-02-13,New Jersey,New Jersey,0
2020-02-14,New Jersey,New Jersey,0
2020-02-15,New Jersey,New Jersey,0
2020-02-16,New Jersey,New Jersey,0
2020-02-17,New Jersey,New Jersey,0
2020-02-18,New Jersey,New Jersey,0
2020-02-19,New Jersey,New Jersey,0
2020-02-20,New Jersey,New Jersey,0
2020-02-21,New Jersey,New Jersey,0
2020-02-22,New Jersey,New Jersey,0
2020-02-23,New Jersey,New Jersey,0
2020-02-24,New Jersey,New Jersey,0
2020-02-25,New Jersey,New Jersey,0
2020-02-26,New Jersey,New Jersey,0
2020-02-27,New Jersey,New Jersey,0
2020-02-28,New Jersey,New Jersey,0
2020-02-29,New Jersey,New Jersey,0
2020-03-01,New Jersey,New Jersey,0
2020-03-02,New Jersey,New Jersey,0
2020-03-03,New Jersey,New Jersey,0
2020-03-04,New Jersey,New Jersey,0
2020-03-05,New Jersey,New Jersey,2
2020-03-06,New Jersey,New Jersey,2
2020-03-07,New Jersey,New Jersey,4
2020-03-08,New Jersey,New Jersey,5
2020-03-09,New Jersey,New Jersey,5
2020-03-10,New Jersey,New Jersey,15
2020-03-11,New Jersey,New Jersey,23
2020-03-12,New Jersey,New Jersey,29
2020-01-22,New Mexico,New Mexico,0
2020-01-23,New Mexico,New Mexico,0
2020-01-24,New Mexico,New Mexico,0
2020-01-25,New Mexico,New Mexico,0
2020-01-26,New Mexico,New Mexico,0
2020-01-27,New Mexico,New Mexico,0
2020-01-28,New Mexico,New Mexico,0
2020-01-29,New Mexico,New Mexico,0
2020-01-30,New Mexico,New Mexico,0
2020-01-31,New Mexico,New Mexico,0
2020-02-01,New Mexico,New Mexico,0
2020-02-02,New Mexico,New Mexico,0
2020-02-03,New Mexico,New Mexico,0
2020-02-04,New Mexico,New Mexico,0
2020-02-05,New Mexico,New Mexico,0
2020-02-06,New Mexico,New Mexico,0
2020-02-07,New Mexico,New Mexico,0
2020-02-08,New Mexico,New Mexico,0
2020-02-09,New Mexico,New Mexico,0
2020-02-10,New Mexico,New Mexico,0
2020-02-11,New Mexico,New Mexico,0
2020-02-12,New Mexico,New Mexico,0
2020-02-13,New Mexico,New Mexico,0
2020-02-14,New Mexico,New Mexico,0
2020-02-15,New Mexico,New Mexico,0
2020-02-16,New Mexico,New Mexico,0
2020-02-17,New Mexico,New Mexico,0
2020-02-18,New Mexico,New Mexico,0
2020-02-19,New Mexico,New Mexico,0
2020-02-20,New Mexico,New Mexico,0
2020-02-21,New Mexico,New Mexico,0
2020-02-22,New Mexico,New Mexico,0
2020-02-23,New Mexico,New Mexico,0
2020-02-24,New Mexico,New Mexico,0
2020-02-25,New Mexico,New Mexico,0
2020-02-26,New Mexico,New Mexico,0
2020-02-27,New Mexico,New Mexico,0
2020-02-28,New Mexico,New Mexico,0
2020-02-29,New Mexico,New Mexico,0
2020-03-01,New Mexico,New Mexico,0
2020-03-02,New Mexico,New Mexico,0
2020-03-03,New Mexico,New Mexico,0
2020-03-04,New Mexico,New Mexico,0
2020-03-05,New Mexico,New Mexico,0
2020-03-06,New Mexico,New Mexico,0
2020-03-07,New Mexico,New Mexico,0
2020-03-08,New Mexico,New Mexico,0
2020-03-09,New Mexico,New Mexico,0
2020-03-10,New Mexico,New Mexico,0
2020-03-11,New Mexico,New Mexico,3
2020-03-12,New Mexico,New Mexico,5
2020-01-22,New York,New York,0
2020-01-23,New York,New York,0
2020-01-24,New York,New York,0
2020-01-25,New York,New York,0
2020-01-26,New York,New York,0
2020-01-27,New York,New York,0
2020-01-28,New York,New York,0
2020-01-29,New York,New York,0
2020-01-30,New York,New York,0
2020-01-31,New York,New York,0
2020-02-01,New York,New York,0
2020-02-02,New York,New York,0
2020-02-03,New York,New York,0
2020-02-04,New York,New York,0
2020-02-05,New York,New York,0
2020-02-06,New York,New York,0
2020-02-07,New York,New York,0
2020-02-08,New York,New York,0
2020-02-09,New York,New York,0
2020-02-10,New York,New York,0
2020-02-11,New York,New York,0
2020-02-12,New York,New York,0
2020-02-13,New York,New York,0
2020-02-14,New York,New York,0
2020-02-15,New York,New York,0
2020-02-16,New York,New York,0
2020-02-17,New York,New York,0
2020-02-18,New York,New York,0
2020-02-19,New York,New York,0
2020-02-20,New York,New York,0
2020-02-21,New York,New York,0
2020-02-22,New York,New York,0
2020-02-23,New York,New York,0
2020-02-24,New York,New York,0
2020-02-25,New York,New York,0
2020-02-26,New York,New York,0
2020-02-27,New York,New York,0
2020-02-28,New York,New York,0
2020-02-29,New York,New York,0
2020-03-01,New York,New York,0
2020-03-02,New York,New York,1
2020-03-03,New York,New York,2
2020-03-04,New York,New York,11
2020-03-05,New York,New York,23
2020-03-06,New York,New York,31
2020-03-07,New York,New York,76
2020-03-08,New York,New York,106
2020-03-09,New York,New York,142
2020-03-10,New York,New York,173
2020-03-11,New York,New York,220
2020-03-12,New York,New York,328
2020-01-22,North Carolina,North Carolina,0
2020-01-23,North Carolina,North Carolina,0
2020-01-24,North Carolina,North Carolina,0
2020-01-25,North Carolina,North Carolina,0
2020-01-26,North Carolina,North Carolina,0
2020-01-27,North Carolina,North Carolina,0
2020-01-28,North Carolina,North Carolina,0
2020-01-29,North Carolina,North Carolina,0
2020-01-30,North Carolina,North Carolina,0
2020-01-31,North Carolina,North Carolina,0
2020-02-01,North Carolina,North Carolina,0
2020-02-02,North Carolina,North Carolina,0
2020-02-03,North Carolina,North Carolina,0
2020-02-04,North Carolina,North Carolina,0
2020-02-05,North Carolina,North Carolina,0
2020-02-06,North Carolina,North Carolina,0
2020-02-07,North Carolina,North Carolina,0
2020-02-08,North Carolina,North Carolina,0
2020-02-09,North Carolina,North Carolina,0
2020-02-10,North Carolina,North Carolina,0
2020-02-11,North Carolina,North Carolina,0
2020-02-12,North Carolina,North Carolina,0
2020-02-13,North Carolina,North Carolina,0
2020-02-14,North Carolina,North Carolina,0
2020-02-15,North Carolina,North Carolina,0
2020-02-16,North Carolina,North Carolina,0
2020-02-17,North Carolina,North Carolina,0
2020-02-18,North Carolina,North Carolina,0
2020-02-19,North Carolina,North Carolina,0
2020-02-20,North Carolina,North Carolina,0
2020-02-21,North Carolina,North Carolina,0
2020-02-22,North Carolina,North Carolina,0
2020-02-23,North Carolina,North Carolina,0
2020-02-24,North Carolina,North Carolina,0
2020-02-25,North Carolina,North Carolina,0
2020-02-26,North Carolina,North Carolina,0
2020-02-27,North Carolina,North Carolina,0
2020-02-28,North Carolina,North Carolina,0
2020-02-29,North Carolina,North Carolina,0
2020-03-01,North Carolina,North Carolina,0
2020-03-02,North Carolina,North Carolina,0
2020-03-03,North Carolina,North Carolina,1
2020-03-04,North Carolina,North Carolina,1
2020-03-05,North Carolina,North Carolina,1
2020-03-06,North Carolina,North Carolina,2
2020-03-07,North Carolina,North Carolina,2
2020-03-08,North Carolina,North Carolina,2
2020-03-09,North Carolina,North Carolina,2
2020-03-10,North Carolina,North Carolina,7
2020-03-11,North Carolina,North Carolina,7
2020-03-12,North Carolina,North Carolina,15
2020-01-22,North Dakota,North Dakota,0
2020-01-23,North Dakota,North Dakota,0
2020-01-24,North Dakota,North Dakota,0
2020-01-25,North Dakota,North Dakota,0
2020-01-26,North Dakota,North Dakota,0
2020-01-27,North Dakota,North Dakota,0
2020-01-28,North Dakota,North Dakota,0
2020-01-29,North Dakota,North Dakota,0
2020-01-30,North Dakota,North Dakota,0
2020-01-31,North Dakota,North Dakota,0
2020-02-01,North Dakota,North Dakota,0
2020-02-02,North Dakota,North Dakota,0
2020-02-03,North Dakota,North Dakota,0
2020-02-04,North Dakota,North Dakota,0
2020-02-05,North Dakota,North Dakota,0
2020-02-06,North Dakota,North Dakota,0
2020-02-07,North Dakota,North Dakota,0
2020-02-08,North Dakota,North Dakota,0
2020-02-09,North Dakota,North Dakota,0
2020-02-10,North Dakota,North Dakota,0
2020-02-11,North Dakota,North Dakota,0
2020-02-12,North Dakota,North Dakota,0
2020-02-13,North Dakota,North Dakota,0
2020-02-14,North Dakota,North Dakota,0
2020-02-15,North Dakota,North Dakota,0
2020-02-16,North Dakota,North Dakota,0
2020-02-17,North Dakota,North Dakota,0
2020-02-18,North Dakota,North Dakota,0
2020-02-19,North Dakota,North Dakota,0
2020-02-20,North Dakota,North Dakota,0
2020-02-21,North Dakota,North Dakota,0
2020-02-22,North Dakota,North Dakota,0
2020-02-23,North Dakota,North Dakota,0
2020-02-24,North Dakota,North Dakota,0
2020-02-25,North Dakota,North Dakota,0
2020-02-26,North Dakota,North Dakota,0
2020-02-27,North Dakota,North Dakota,0
2020-02-28,North Dakota,North Dakota,0
2020-02-29,North Dakota,North Dakota,0
2020-03-01,North Dakota,North Dakota,0
2020-03-02,North Dakota,North Dakota,0
2020-03-03,North Dakota,North Dakota,0
2020-03-04,North Dakota,North Dakota,0
2020-03-05,North Dakota,North Dakota,0
2020-03-06,North Dakota,North Dakota,0
2020-03-07,North Dakota,North Dakota,0
2020-03-08,North Dakota,North Dakota,0
2020-03-09,North Dakota,North Dakota,0
2020-03-10,North Dakota,North Dakota,0
2020-03-11,North Dakota,North Dakota,0
2020-03-12,North Dakota,North Dakota,1
2020-01-22,Ohio,Ohio,0
2020-01-23,Ohio,Ohio,0
2020-01-24,Ohio,Ohio,0
2020-01-25,Ohio,Ohio,0
2020-01-26,Ohio,Ohio,0
2020-01-27,Ohio,Ohio,0
2020-01-28,Ohio,Ohio,0
2020-01-29,Ohio,Ohio,0
2020-01-30,Ohio,Ohio,0
2020-01-31,Ohio,Ohio,0
2020-02-01,Ohio,Ohio,0
2020-02-02,Ohio,Ohio,0
2020-02-03,Ohio,Ohio,0
2020-02-04,Ohio,Ohio,0
2020-02-05,Ohio,Ohio,0
2020-02-06,Ohio,Ohio,0
2020-02-07,Ohio,Ohio,0
2020-02-08,Ohio,Ohio,0
2020-02-09,Ohio,Ohio,0
2020-02-10,Ohio,Ohio,0
2020-02-11,Ohio,Ohio,0
2020-02-12,Ohio,Ohio,0
2020-02-13,Ohio,Ohio,0
2020-02-14,Ohio,Ohio,0
2020-02-15,Ohio,Ohio,0
2020-02-16,Ohio,Ohio,0
2020-02-17,Ohio,Ohio,0
2020-02-18,Ohio,Ohio,0
2020-02-19,Ohio,Ohio,0
2020-02-20,Ohio,Ohio,0
2020-02-21,Ohio,Ohio,0
2020-02-22,Ohio,Ohio,0
2020-02-23,Ohio,Ohio,0
2020-02-24,Ohio,Ohio,0
2020-02-25,Ohio,Ohio,0
2020-02-26,Ohio,Ohio,0
2020-02-27,Ohio,Ohio,0
2020-02-28,Ohio,Ohio,0
2020-02-29,Ohio,Ohio,0
2020-03-01,Ohio,Ohio,0
2020-03-02,Ohio,Ohio,0
2020-03-03,Ohio,Ohio,0
2020-03-04,Ohio,Ohio,0
2020-03-05,Ohio,Ohio,0
2020-03-06,Ohio,Ohio,0
2020-03-07,Ohio,Ohio,0
2020-03-08,Ohio,Ohio,0
2020-03-09,Ohio,Ohio,0
2020-03-10,Ohio,Ohio,3
2020-03-11,Ohio,Ohio,4
2020-03-12,Ohio,Ohio,5
2020-01-22,Oklahoma,Oklahoma,0
2020-01-23,Oklahoma,Oklahoma,0
2020-01-24,Oklahoma,Oklahoma,0
2020-01-25,Oklahoma,Oklahoma,0
2020-01-26,Oklahoma,Oklahoma,0
2020-01-27,Oklahoma,Oklahoma,0
2020-01-28,Oklahoma,Oklahoma,0
2020-01-29,Oklahoma,Oklahoma,0
2020-01-30,Oklahoma,Oklahoma,0
2020-01-31,Oklahoma,Oklahoma,0
2020-02-01,Oklahoma,Oklahoma,0
2020-02-02,Oklahoma,Oklahoma,0
2020-02-03,Oklahoma,Oklahoma,0
2020-02-04,Oklahoma,Oklahoma,0
2020-02-05,Oklahoma,Oklahoma,0
2020-02-06,Oklahoma,Oklahoma,0
2020-02-07,Oklahoma,Oklahoma,0
2020-02-08,Oklahoma,Oklahoma,0
2020-02-09,Oklahoma,Oklahoma,0
2020-02-10,Oklahoma,Oklahoma,0
2020-02-11,Oklahoma,Oklahoma,0
2020-02-12,Oklahoma,Oklahoma,0
2020-02-13,Oklahoma,Oklahoma,0
2020-02-14,Oklahoma,Oklahoma,0
2020-02-15,Oklahoma,Oklahoma,0
2020-02-16,Oklahoma,Oklahoma,0
2020-02-17,Oklahoma,Oklahoma,0
2020-02-18,Oklahoma,Oklahoma,0
2020-02-19,Oklahoma,Oklahoma,0
2020-02-20,Oklahoma,Oklahoma,0
2020-02-21,Oklahoma,Oklahoma,0
2020-02-22,Oklahoma,Oklahoma,0
2020-02-23,Oklahoma,Oklahoma,0
2020-02-24,Oklahoma,Oklahoma,0
2020-02-25,Oklahoma,Oklahoma,0
2020-02-26,Oklahoma,Oklahoma,0
2020-02-27,Oklahoma,Oklahoma,0
2020-02-28,Oklahoma,Oklahoma,0
2020-02-29,Oklahoma,Oklahoma,0
2020-03-01,Oklahoma,Oklahoma,0
2020-03-02,Oklahoma,Oklahoma,0
2020-03-03,Oklahoma,Oklahoma,0
2020-03-04,Oklahoma,Oklahoma,0
2020-03-05,Oklahoma,Oklahoma,0
2020-03-06,Oklahoma,Oklahoma,0
2020-03-07,Oklahoma,Oklahoma,1
2020-03-08,Oklahoma,Oklahoma,1
2020-03-09,Oklahoma,Oklahoma,1
2020-03-10,Oklahoma,Oklahoma,2
2020-03-11,Oklahoma,Oklahoma,2
2020-03-12,Oklahoma,Oklahoma,2
2020-01-22,Oregon,Oregon,0
2020-01-23,Oregon,Oregon,0
2020-01-24,Oregon,Oregon,0
2020-01-25,Oregon,Oregon,0
2020-01-26,Oregon,Oregon,0
2020-01-27,Oregon,Oregon,0
2020-01-28,Oregon,Oregon,0
2020-01-29,Oregon,Oregon,0
2020-01-30,Oregon,Oregon,0
2020-01-31,Oregon,Oregon,0
2020-02-01,Oregon,Oregon,0
2020-02-02,Oregon,Oregon,0
2020-02-03,Oregon,Oregon,0
2020-02-04,Oregon,Oregon,0
2020-02-05,Oregon,Oregon,0
2020-02-06,Oregon,Oregon,0
2020-02-07,Oregon,Oregon,0
2020-02-08,Oregon,Oregon,0
2020-02-09,Oregon,Oregon,0
2020-02-10,Oregon,Oregon,0
2020-02-11,Oregon,Oregon,0
2020-02-12,Oregon,Oregon,0
2020-02-13,Oregon,Oregon,0
2020-02-14,Oregon,Oregon,0
2020-02-15,Oregon,Oregon,0
2020-02-16,Oregon,Oregon,0
2020-02-17,Oregon,Oregon,0
2020-02-18,Oregon,Oregon,0
2020-02-19,Oregon,Oregon,0
2020-02-20,Oregon,Oregon,0
2020-02-21,Oregon,Oregon,0
2020-02-22,Oregon,Oregon,0
2020-02-23,Oregon,Oregon,0
2020-02-24,Oregon,Oregon,0
2020-02-25,Oregon,Oregon,0
2020-02-26,Oregon,Oregon,0
2020-02-27,Oregon,Oregon,0
2020-02-28,Oregon,Oregon,0
2020-02-29,Oregon,Oregon,1
2020-03-01,Oregon,Oregon,1
2020-03-02,Oregon,Oregon,3
2020-03-03,Oregon,Oregon,3
2020-03-04,Oregon,Oregon,3
2020-03-05,Oregon,Oregon,3
2020-03-06,Oregon,Oregon,3
2020-03-07,Oregon,Oregon,6
2020-03-08,Oregon,Oregon,14
2020-03-09,Oregon,Oregon,14
2020-03-10,Oregon,Oregon,15
2020-03-11,Oregon,Oregon,19
2020-03-12,Oregon,Oregon,24
2020-01-22,Pennsylvania,Pennsylvania,0
2020-01-23,Pennsylvania,Pennsylvania,0
2020-01-24,Pennsylvania,Pennsylvania,0
2020-01-25,Pennsylvania,Pennsylvania,0
2020-01-26,Pennsylvania,Pennsylvania,0
2020-01-27,Pennsylvania,Pennsylvania,0
2020-01-28,Pennsylvania,Pennsylvania,0
2020-01-29,Pennsylvania,Pennsylvania,0
2020-01-30,Pennsylvania,Pennsylvania,0
2020-01-31,Pennsylvania,Pennsylvania,0
2020-02-01,Pennsylvania,Pennsylvania,0
2020-02-02,Pennsylvania,Pennsylvania,0
2020-02-03,Pennsylvania,Pennsylvania,0
2020-02-04,Pennsylvania,Pennsylvania,0
2020-02-05,Pennsylvania,Pennsylvania,0
2020-02-06,Pennsylvania,Pennsylvania,0
2020-02-07,Pennsylvania,Pennsylvania,0
2020-02-08,Pennsylvania,Pennsylvania,0
2020-02-09,Pennsylvania,Pennsylvania,0
2020-02-10,Pennsylvania,Pennsylvania,0
2020-02-11,Pennsylvania,Pennsylvania,0
2020-02-12,Pennsylvania,Pennsylvania,0
2020-02-13,Pennsylvania,Pennsylvania,0
2020-02-14,Pennsylvania,Pennsylvania,0
2020-02-15,Pennsylvania,Pennsylvania,0
2020-02-16,Pennsylvania,Pennsylvania,0
2020-02-17,Pennsylvania,Pennsylvania,0
2020-02-18,Pennsylvania,Pennsylvania,0
2020-02-19,Pennsylvania,Pennsylvania,0
2020-02-20,Pennsylvania,Pennsylvania,0
2020-02-21,Pennsylvania,Pennsylvania,0
2020-02-22,Pennsylvania,Pennsylvania,0
2020-02-23,Pennsylvania,Pennsylvania,0
2020-02-24,Pennsylvania,Pennsylvania,0
2020-02-25,Pennsylvania,Pennsylvania,0
2020-02-26,Pennsylvania,Pennsylvania,0
2020-02-27,Pennsylvania,Pennsylvania,0
2020-02-28,Pennsylvania,Pennsylvania,0
2020-02-29,Pennsylvania,Pennsylvania,0
2020-03-01,Pennsylvania,Pennsylvania,0
2020-03-02,Pennsylvania,Pennsylvania,0
2020-03-03,Pennsylvania,Pennsylvania,0
2020-03-04,Pennsylvania,Pennsylvania,0
2020-03-05,Pennsylvania,Pennsylvania,0
2020-03-06,Pennsylvania,Pennsylvania,2
2020-03-07,Pennsylvania,Pennsylvania,2
2020-03-08,Pennsylvania,Pennsylvania,6
2020-03-09,Pennsylvania,Pennsylvania,7
2020-03-10,Pennsylvania,Pennsylvania,12
2020-03-11,Pennsylvania,Pennsylvania,16
2020-03-12,Pennsylvania,Pennsylvania,22
2020-01-22,Rhode Island,Rhode Island,0
2020-01-23,Rhode Island,Rhode Island,0
2020-01-24,Rhode Island,Rhode Island,0
2020-01-25,Rhode Island,Rhode Island,0
2020-01-26,Rhode Island,Rhode Island,0
2020-01-27,Rhode Island,Rhode Island,0
2020-01-28,Rhode Island,Rhode Island,0
2020-01-29,Rhode Island,Rhode Island,0
2020-01-30,Rhode Island,Rhode Island,0
2020-01-31,Rhode Island,Rhode Island,0
2020-02-01,Rhode Island,Rhode Island,0
2020-02-02,Rhode Island,Rhode Island,0
2020-02-03,Rhode Island,Rhode Island,0
2020-02-04,Rhode Island,Rhode Island,0
2020-02-05,Rhode Island,Rhode Island,0
2020-02-06,Rhode Island,Rhode Island,0
2020-02-07,Rhode Island,Rhode Island,0
2020-02-08,Rhode Island,Rhode Island,0
2020-02-09,Rhode Island,Rhode Island,0
2020-02-10,Rhode Island,Rhode Island,0
2020-02-11,Rhode Island,Rhode Island,0
2020-02-12,Rhode Island,Rhode Island,0
2020-02-13,Rhode Island,Rhode Island,0
2020-02-14,Rhode Island,Rhode Island,0
2020-02-15,Rhode Island,Rhode Island,0
2020-02-16,Rhode Island,Rhode Island,0
2020-02-17,Rhode Island,Rhode Island,0
2020-02-18,Rhode Island,Rhode Island,0
2020-02-19,Rhode Island,Rhode Island,0
2020-02-20,Rhode Island,Rhode Island,0
2020-02-21,Rhode Island,Rhode Island,0
2020-02-22,Rhode Island,Rhode Island,0
2020-02-23,Rhode Island,Rhode Island,0
2020-02-24,Rhode Island,Rhode Island,0
2020-02-25,Rhode Island,Rhode Island,0
2020-02-26,Rhode Island,Rhode Island,0
2020-02-27,Rhode Island,Rhode Island,0
2020-02-28,Rhode Island,Rhode Island,0
2020-02-29,Rhode Island,Rhode Island,0
2020-03-01,Rhode Island,Rhode Island,1
2020-03-02,Rhode Island,Rhode Island,2
2020-03-03,Rhode Island,Rhode Island,2
2020-03-04,Rhode Island,Rhode Island,2
2020-03-05,Rhode Island,Rhode Island,2
2020-03-06,Rhode Island,Rhode Island,2
2020-03-07,Rhode Island,Rhode Island,3
2020-03-08,Rhode Island,Rhode Island,3
2020-03-09,Rhode Island,Rhode Island,3
2020-03-10,Rhode Island,Rhode Island,3
2020-03-11,Rhode Island,Rhode Island,5
2020-03-12,Rhode Island,Rhode Island,5
2020-01-22,South Carolina,South Carolina,0
2020-01-23,South Carolina,South Carolina,0
2020-01-24,South Carolina,South Carolina,0
2020-01-25,South Carolina,South Carolina,0
2020-01-26,South Carolina,South Carolina,0
2020-01-27,South Carolina,South Carolina,0
2020-01-28,South Carolina,South Carolina,0
2020-01-29,South Carolina,South Carolina,0
2020-01-30,South Carolina,South Carolina,0
2020-01-31,South Carolina,South Carolina,0
2020-02-01,South Carolina,South Carolina,0
2020-02-02,South Carolina,South Carolina,0
2020-02-03,South Carolina,South Carolina,0
2020-02-04,South Carolina,South Carolina,0
2020-02-05,South Carolina,South Carolina,0
2020-02-06,South Carolina,South Carolina,0
2020-02-07,South Carolina,South Carolina,0
2020-02-08,South Carolina,South Carolina,0
2020-02-09,South Carolina,South Carolina,0
2020-02-10,South Carolina,South Carolina,0
2020-02-11,South Carolina,South Carolina,0
2020-02-12,South Carolina,South Carolina,0
2020-02-13,South Carolina,South Carolina,0
2020-02-14,South Carolina,South Carolina,0
2020-02-15,South Carolina,South Carolina,0
2020-02-16,South Carolina,South Carolina,0
2020-02-17,South Carolina,South Carolina,0
2020-02-18,South Carolina,South Carolina,0
2020-02-19,South Carolina,South Carolina,0
2020-02-20,South Carolina,South Carolina,0
2020-02-21,South Carolina,South Carolina,0
2020-02-22,South Carolina,South Carolina,0
2020-02-23,South Carolina,South Carolina,0
2020-02-24,South Carolina,South Carolina,0
2020-02-25,South Carolina,South Carolina,0
2020-02-26,South Carolina,South Carolina,0
2020-02-27,South Carolina,South Carolina,0
2020-02-28,South Carolina,South Carolina,0
2020-02-29,South Carolina,South Carolina,0
2020-03-01,South Carolina,South Carolina,0
2020-03-02,South Carolina,South Carolina,0
2020-03-03,South Carolina,South Carolina,0
2020-03-04,South Carolina,South Carolina,0
2020-03-05,South Carolina,South Carolina,0
2020-03-06,South Carolina,South Carolina,0
2020-03-07,South Carolina,South Carolina,2
2020-03-08,South Carolina,South Carolina,2
2020-03-09,South Carolina,South Carolina,3
2020-03-10,South Carolina,South Carolina,7
2020-03-11,South Carolina,South Carolina,10
2020-03-12,South Carolina,South Carolina,12
2020-01-22,South Dakota,South Dakota,0
2020-01-23,South Dakota,South Dakota,0
2020-01-24,South Dakota,South Dakota,0
2020-01-25,South Dakota,South Dakota,0
2020-01-26,South Dakota,South Dakota,0
2020-01-27,South Dakota,South Dakota,0
2020-01-28,South Dakota,South Dakota,0
2020-01-29,South Dakota,South Dakota,0
2020-01-30,South Dakota,South Dakota,0
2020-01-31,South Dakota,South Dakota,0
2020-02-01,South Dakota,South Dakota,0
2020-02-02,South Dakota,South Dakota,0
2020-02-03,South Dakota,South Dakota,0
2020-02-04,South Dakota,South Dakota,0
2020-02-05,South Dakota,South Dakota,0
2020-02-06,South Dakota,South Dakota,0
2020-02-07,South Dakota,South Dakota,0
2020-02-08,South Dakota,South Dakota,0
2020-02-09,South Dakota,South Dakota,0
2020-02-10,South Dakota,South Dakota,0
2020-02-11,South Dakota,South Dakota,0
2020-02-12,South Dakota,South Dakota,0
2020-02-13,South Dakota,South Dakota,0
2020-02-14,South Dakota,South Dakota,0
2020-02-15,South Dakota,South Dakota,0
2020-02-16,South Dakota,South Dakota,0
2020-02-17,South Dakota,South Dakota,0
2020-02-18,South Dakota,South Dakota,0
2020-02-19,South Dakota,South Dakota,0
2020-02-20,South Dakota,South Dakota,0
2020-02-21,South Dakota,South Dakota,0
2020-02-22,South Dakota,South Dakota,0
2020-02-23,South Dakota,South Dakota,0
2020-02-24,South Dakota,South Dakota,0
2020-02-25,South Dakota,South Dakota,0
2020-02-26,South Dakota,South Dakota,0
2020-02-27,South Dakota,South Dakota,0
2020-02-28,South Dakota,South Dakota,0
2020-02-29,South Dakota,South Dakota,0
2020-03-01,South Dakota,South Dakota,0
2020-03-02,South Dakota,South Dakota,0
2020-03-03,South Dakota,South Dakota,0
2020-03-04,South Dakota,South Dakota,0
2020-03-05,South Dakota,South Dakota,0
2020-03-06,South Dakota,South Dakota,0
2020-03-07,South Dakota,South Dakota,0
2020-03-08,South Dakota,South Dakota,0
2020-03-09,South Dakota,South Dakota,0
2020-03-10,South Dakota,South Dakota,0
2020-03-11,South Dakota,South Dakota,8
2020-03-12,South Dakota,South Dakota,8
2020-01-22,Tennessee,Tennessee,0
2020-01-23,Tennessee,Tennessee,0
2020-01-24,Tennessee,Tennessee,0
2020-01-25,Tennessee,Tennessee,0
2020-01-26,Tennessee,Tennessee,0
2020-01-27,Tennessee,Tennessee,0
2020-01-28,Tennessee,Tennessee,0
2020-01-29,Tennessee,Tennessee,0
2020-01-30,Tennessee,Tennessee,0
2020-01-31,Tennessee,Tennessee,0
2020-02-01,Tennessee,Tennessee,0
2020-02-02,Tennessee,Tennessee,0
2020-02-03,Tennessee,Tennessee,0
2020-02-04,Tennessee,Tennessee,0
2020-02-05,Tennessee,Tennessee,0
2020-02-06,Tennessee,Tennessee,0
2020-02-07,Tennessee,Tennessee,0
2020-02-08,Tennessee,Tennessee,0
2020-02-09,Tennessee,Tennessee,0
2020-02-10,Tennessee,Tennessee,0
2020-02-11,Tennessee,Tennessee,0
2020-02-12,Tennessee,Tennessee,0
2020-02-13,Tennessee,Tennessee,0
2020-02-14,Tennessee,Tennessee,0
2020-02-15,Tennessee,Tennessee,0
2020-02-16,Tennessee,Tennessee,0
2020-02-17,Tennessee,Tennessee,0
2020-02-18,Tennessee,Tennessee,0
2020-02-19,Tennessee,Tennessee,0
2020-02-20,Tennessee,Tennessee,0
2020-02-21,Tennessee,Tennessee,0
2020-02-22,Tennessee,Tennessee,0
2020-02-23,Tennessee,Tennessee,0
2020-02-24,Tennessee,Tennessee,0
2020-02-25,Tennessee,Tennessee,0
2020-02-26,Tennessee,Tennessee,0
2020-02-27,Tennessee,Tennessee,0
2020-02-28,Tennessee,Tennessee,0
2020-02-29,Tennessee,Tennessee,0
2020-03-01,Tennessee,Tennessee,0
2020-03-02,Tennessee,Tennessee,0
2020-03-03,Tennessee,Tennessee,0
2020-03-04,Tennessee,Tennessee,0
2020-03-05,Tennessee,Tennessee,1
2020-03-06,Tennessee,Tennessee,1
2020-03-07,Tennessee,Tennessee,1
2020-03-08,Tennessee,Tennessee,3
2020-03-09,Tennessee,Tennessee,3
2020-03-10,Tennessee,Tennessee,7
2020-03-11,Tennessee,Tennessee,9
2020-03-12,Tennessee,Tennessee,18
2020-01-22,Texas,Texas,0
2020-01-23,Texas,Texas,0
2020-01-24,Texas,Texas,0
2020-01-25,Texas,Texas,0
2020-01-26,Texas,Texas,0
2020-01-27,Texas,Texas,0
2020-01-28,Texas,Texas,0
2020-01-29,Texas,Texas,0
2020-01-30,Texas,Texas,0
2020-01-31,Texas,Texas,0
2020-02-01,Texas,Texas,0
2020-02-02,Texas,Texas,0
2020-02-03,Texas,Texas,0
2020-02-04,Texas,Texas,0
2020-02-05,Texas,Texas,0
2020-02-06,Texas,Texas,0
2020-02-07,Texas,Texas,0
2020-02-08,Texas,Texas,0
2020-02-09,Texas,Texas,0
2020-02-10,Texas,Texas,0
2020-02-11,Texas,Texas,0
2020-02-12,Texas,Texas,0
2020-02-13,Texas,Texas,0
2020-02-14,Texas,Texas,0
2020-02-15,Texas,Texas,0
2020-02-16,Texas,Texas,0
2020-02-17,Texas,Texas,0
2020-02-18,Texas,Texas,0
2020-02-19,Texas,Texas,0
2020-02-20,Texas,Texas,0
2020-02-21,Texas,Texas,0
2020-02-22,Texas,Texas,0
2020-02-23,Texas,Texas,0
2020-02-24,Texas,Texas,0
2020-02-25,Texas,Texas,0
2020-02-26,Texas,Texas,0
2020-02-27,Texas,Texas,0
2020-02-28,Texas,Texas,0
2020-02-29,Texas,Texas,0
2020-03-01,Texas,Texas,0
2020-03-02,Texas,Texas,0
2020-03-03,Texas,Texas,0
2020-03-04,Texas,Texas,0
2020-03-05,Texas,Texas,3
2020-03-06,Texas,Texas,4
2020-03-07,Texas,Texas,8
2020-03-08,Texas,Texas,11
2020-03-09,Texas,Texas,13
2020-03-10,Texas,Texas,13
2020-03-11,Texas,Texas,21
2020-03-12,Texas,Texas,27
2020-01-22,Utah,Utah,0
2020-01-23,Utah,Utah,0
2020-01-24,Utah,Utah,0
2020-01-25,Utah,Utah,0
2020-01-26,Utah,Utah,0
2020-01-27,Utah,Utah,0
2020-01-28,Utah,Utah,0
2020-01-29,Utah,Utah,0
2020-01-30,Utah,Utah,0
2020-01-31,Utah,Utah,0
2020-02-01,Utah,Utah,0
2020-02-02,Utah,Utah,0
2020-02-03,Utah,Utah,0
2020-02-04,Utah,Utah,0
2020-02-05,Utah,Utah,0
2020-02-06,Utah,Utah,0
2020-02-07,Utah,Utah,0
2020-02-08,Utah,Utah,0
2020-02-09,Utah,Utah,0
2020-02-10,Utah,Utah,0
2020-02-11,Utah,Utah,0
2020-02-12,Utah,Utah,0
2020-02-13,Utah,Utah,0
2020-02-14,Utah,Utah,0
2020-02-15,Utah,Utah,0
2020-02-16,Utah,Utah,0
2020-02-17,Utah,Utah,0
2020-02-18,Utah,Utah,0
2020-02-19,Utah,Utah,0
2020-02-20,Utah,Utah,0
2020-02-21,Utah,Utah,0
2020-02-22,Utah,Utah,0
2020-02-23,Utah,Utah,0
2020-02-24,Utah,Utah,0
2020-02-25,Utah,Utah,0
2020-02-26,Utah,Utah,0
2020-02-27,Utah,Utah,0
2020-02-28,Utah,Utah,0
2020-02-29,Utah,Utah,0
2020-03-01,Utah,Utah,0
2020-03-02,Utah,Utah,0
2020-03-03,Utah,Utah,0
2020-03-04,Utah,Utah,0
2020-03-05,Utah,Utah,0
2020-03-06,Utah,Utah,0
2020-03-07,Utah,Utah,1
2020-03-08,Utah,Utah,1
2020-03-09,Utah,Utah,1
2020-03-10,Utah,Utah,2
2020-03-11,Utah,Utah,3
2020-03-12,Utah,Utah,5
2020-01-22,Vermont,Vermont,0
2020-01-23,Vermont,Vermont,0
2020-01-24,Vermont,Vermont,0
2020-01-25,Vermont,Vermont,0
2020-01-26,Vermont,Vermont,0
2020-01-27,Vermont,Vermont,0
2020-01-28,Vermont,Vermont,0
2020-01-29,Vermont,Vermont,0
2020-01-30,Vermont,Vermont,0
2020-01-31,Vermont,Vermont,0
2020-02-01,Vermont,Vermont,0
2020-02-02,Vermont,Vermont,0
2020-02-03,Vermont,Vermont,0
2020-02-04,Vermont,Vermont,0
2020-02-05,Vermont,Vermont,0
2020-02-06,Vermont,Vermont,0
2020-02-07,Vermont,Vermont,0
2020-02-08,Vermont,Vermont,0
2020-02-09,Vermont,Vermont,0
2020-02-10,Vermont,Vermont,0
2020-02-11,Vermont,Vermont,0
2020-02-12,Vermont,Vermont,0
2020-02-13,Vermont,Vermont,0
2020-02-14,Vermont,Vermont,0
2020-02-15,Vermont,Vermont,0
2020-02-16,Vermont,Vermont,0
2020-02-17,Vermont,Vermont,0
2020-02-18,Vermont,Vermont,0
2020-02-19,Vermont,Vermont,0
2020-02-20,Vermont,Vermont,0
2020-02-21,Vermont,Vermont,0
2020-02-22,Vermont,Vermont,0
2020-02-23,Vermont,Vermont,0
2020-02-24,Vermont,Vermont,0
2020-02-25,Vermont,Vermont,0
2020-02-26,Vermont,Vermont,0
2020-02-27,Vermont,Vermont,0
2020-02-28,Vermont,Vermont,0
2020-02-29,Vermont,Vermont,0
2020-03-01,Vermont,Vermont,0
2020-03-02,Vermont,Vermont,0
2020-03-03,Vermont,Vermont,0
2020-03-04,Vermont,Vermont,0
2020-03-05,Vermont,Vermont,0
2020-03-06,Vermont,Vermont,0
2020-03-07,Vermont,Vermont,0
2020-03-08,Vermont,Vermont,1
2020-03-09,Vermont,Vermont,1
2020-03-10,Vermont,Vermont,1
2020-03-11,Vermont,Vermont,1
2020-03-12,Vermont,Vermont,2
2020-01-22,Virginia,Virginia,0
2020-01-23,Virginia,Virginia,0
2020-01-24,Virginia,Virginia,0
2020-01-25,Virginia,Virginia,0
2020-01-26,Virginia,Virginia,0
2020-01-27,Virginia,Virginia,0
2020-01-28,Virginia,Virginia,0
2020-01-29,Virginia,Virginia,0
2020-01-30,Virginia,Virginia,0
2020-01-31,Virginia,Virginia,0
2020-02-01,Virginia,Virginia,0
2020-02-02,Virginia,Virginia,0
2020-02-03,Virginia,Virginia,0
2020-02-04,Virginia,Virginia,0
2020-02-05,Virginia,Virginia,0
2020-02-06,Virginia,Virginia,0
2020-02-07,Virginia,Virginia,0
2020-02-08,Virginia,Virginia,0
2020-02-09,Virginia,Virginia,0
2020-02-10,Virginia,Virginia,0
2020-02-11,Virginia,Virginia,0
2020-02-12,Virginia,Virginia,0
2020-02-13,Virginia,Virginia,0
2020-02-14,Virginia,Virginia,0
2020-02-15,Virginia,Virginia,0
2020-02-16,Virginia,Virginia,0
2020-02-17,Virginia,Virginia,0
2020-02-18,Virginia,Virginia,0
2020-02-19,Virginia,Virginia,0
2020-02-20,Virginia,Virginia,0
2020-02-21,Virginia,Virginia,0
2020-02-22,Virginia,Virginia,0
2020-02-23,Virginia,Virginia,0
2020-02-24,Virginia,Virginia,0
2020-02-25,Virginia,Virginia,0
2020-02-26,Virginia,Virginia,0
2020-02-27,Virginia,Virginia,0
2020-02-28,Virginia,Virginia,0
2020-02-29,Virginia,Virginia,0
2020-03-01,Virginia,Virginia,0
2020-03-02,Virginia,Virginia,0
2020-03-03,Virginia,Virginia,0
2020-03-04,Virginia,Virginia,0
2020-03-05,Virginia,Virginia,0
2020-03-06,Virginia,Virginia,0
2020-03-07,Virginia,Virginia,0
2020-03-08,Virginia,Virginia,2
2020-03-09,Virginia,Virginia,2
2020-03-10,Virginia,Virginia,7
2020-03-11,Virginia,Virginia,9
2020-03-12,Virginia,Virginia,17
2020-01-22,Washington,Washington,1
2020-01-23,Washington,Washington,1
2020-01-24,Washington,Washington,1
2020-01-25,Washington,Washington,1
2020-01-26,Washington,Washington,1
2020-01-27,Washington,Washington,1
2020-01-28,Washington,Washington,1
2020-01-29,Washington,Washington,1
2020-01-30,Washington,Washington,1
2020-01-31,Washington,Washington,1
2020-02-01,Washington,Washington,1
2020-02-02,Washington,Washington,1
2020-02-03,Washington,Washington,1
2020-02-04,Washington,Washington,1
2020-02-05,Washington,Washington,1
2020-02-06,Washington,Washington,1
2020-02-07,Washington,Washington,1
2020-02-08,Washington,Washington,1
2020-02-09,Washington,Washington,1
2020-02-10,Washington,Washington,1
2020-02-11,Washington,Washington,1
2020-02-12,Washington,Washington,1
2020-02-13,Washington,Washington,1
2020-02-14,Washington,Washington,1
2020-02-15,Washington,Washington,1
2020-02-16,Washington,Washington,1
2020-02-17,Washington,Washington,1
2020-02-18,Washington,Washington,1
2020-02-19,Washington,Washington,1
2020-02-20,Washington,Washington,1
2020-02-21,Washington,Washington,1
2020-02-22,Washington,Washington,1
2020-02-23,Washington,Washington,1
2020-02-24,Washington,Washington,1
2020-02-25,Washington,Washington,1
2020-02-26,Washington,Washington,1
2020-02-27,Washington,Washington,1
2020-02-28,Washington,Washington,1
2020-02-29,Washington,Washington,7
2020-03-01,Washington,Washington,11
2020-03-02,Washington,Washington,18
2020-03-03,Washington,Washington,27
2020-03-04,Washington,Washington,39
2020-03-05,Washington,Washington,70
2020-03-06,Washington,Washington,78
2020-03-07,Washington,Washington,102
2020-03-08,Washington,Washington,122
2020-03-09,Washington,Washington,122
2020-03-10,Washington,Washington,267
2020-03-11,Washington,Washington,366
2020-03-12,Washington,Washington,442
2020-01-22,West Virginia,West Virginia,0
2020-01-23,West Virginia,West Virginia,0
2020-01-24,West Virginia,West Virginia,0
2020-01-25,West Virginia,West Virginia,0
2020-01-26,West Virginia,West Virginia,0
2020-01-27,West Virginia,West Virginia,0
2020-01-28,West Virginia,West Virginia,0
2020-01-29,West Virginia,West Virginia,0
2020-01-30,West Virginia,West Virginia,0
2020-01-31,West Virginia,West Virginia,0
2020-02-01,West Virginia,West Virginia,0
2020-02-02,West Virginia,West Virginia,0
2020-02-03,West Virginia,West Virginia,0
2020-02-04,West Virginia,West Virginia,0
2020-02-05,West Virginia,West Virginia,0
2020-02-06,West Virginia,West Virginia,0
2020-02-07,West Virginia,West Virginia,0
2020-02-08,West Virginia,West Virginia,0
2020-02-09,West Virginia,West Virginia,0
2020-02-10,West Virginia,West Virginia,0
2020-02-11,West Virginia,West Virginia,0
2020-02-12,West Virginia,West Virginia,0
2020-02-13,West Virginia,West Virginia,0
2020-02-14,West Virginia,West Virginia,0
2020-02-15,West Virginia,West Virginia,0
2020-02-16,West Virginia,West Virginia,0
2020-02-17,West Virginia,West Virginia,0
2020-02-18,West Virginia,West Virginia,0
2020-02-19,West Virginia,West Virginia,0
2020-02-20,West Virginia,West Virginia,0
2020-02-21,West Virginia,West Virginia,0
2020-02-22,West Virginia,West Virginia,0
2020-02-23,West Virginia,West Virginia,0
2020-02-24,West Virginia,West Virginia,0
2020-02-25,West Virginia,West Virginia,0
2020-02-26,West Virginia,West Virginia,0
2020-02-27,West Virginia,West Virginia,0
2020-02-28,West Virginia,West Virginia,0
2020-02-29,West Virginia,West Virginia,0
2020-03-01,West Virginia,West Virginia,0
2020-03-02,West Virginia,West Virginia,0
2020-03-03,West Virginia,West Virginia,0
2020-03-04,West Virginia,West Virginia,0
2020-03-05,West Virginia,West Virginia,0
2020-03-06,West Virginia,West Virginia,0
2020-03-07,West Virginia,West Virginia,0
2020-03-08,West Virginia,West Virginia,0
2020-03-09,West Virginia,West Virginia,0
2020-03-10,West Virginia,West Virginia,0
2020-03-11,West Virginia,West Virginia,0
2020-03-12,West Virginia,West Virginia,0
2020-01-22,Wisconsin,Wisconsin,0
2020-01-23,Wisconsin,Wisconsin,0
2020-01-24,Wisconsin,Wisconsin,0
2020-01-25,Wisconsin,Wisconsin,0
2020-01-26,Wisconsin,Wisconsin,0
2020-01-27,Wisconsin,Wisconsin,0
2020-01-28,Wisconsin,Wisconsin,0
2020-01-29,Wisconsin,Wisconsin,0
2020-01-30,Wisconsin,Wisconsin,0
2020-01-31,Wisconsin,Wisconsin,0
2020-02-01,Wisconsin,Wisconsin,0
2020-02-02,Wisconsin,Wisconsin,0
2020-02-03,Wisconsin,Wisconsin,0
2020-02-04,Wisconsin,Wisconsin,0
2020-02-05,Wisconsin,Wisconsin,0
2020-02-06,Wisconsin,Wisconsin,0
2020-02-07,Wisconsin,Wisconsin,0
2020-02-08,Wisconsin,Wisconsin,0
2020-02-09,Wisconsin,Wisconsin,0
2020-02-10,Wisconsin,Wisconsin,0
2020-02-11,Wisconsin,Wisconsin,0
2020-02-12,Wisconsin,Wisconsin,0
2020-02-13,Wisconsin,Wisconsin,0
2020-02-14,Wisconsin,Wisconsin,0
2020-02-15,Wisconsin,Wisconsin,0
2020-02-16,Wisconsin,Wisconsin,0
2020-02-17,Wisconsin,Wisconsin,0
2020-02-18,Wisconsin,Wisconsin,0
2020-02-19,Wisconsin,Wisconsin,0
2020-02-20,Wisconsin,Wisconsin,0
2020-02-21,Wisconsin,Wisconsin,0
2020-02-22,Wisconsin,Wisconsin,0
2020-02-23,Wisconsin,Wisconsin,0
2020-02-24,Wisconsin,Wisconsin,0
2020-02-25,Wisconsin,Wisconsin,0
2020-02-26,Wisconsin,Wisconsin,0
2020-02-27,Wisconsin,Wisconsin,0
2020-02-28,Wisconsin,Wisconsin,0
2020-02-29,Wisconsin,Wisconsin,0
2020-03-01,Wisconsin,Wisconsin,0
2020-03-02,Wisconsin,Wisconsin,0
2020-03-03,Wisconsin,Wisconsin,0
2020-03-04,Wisconsin,Wisconsin,0
2020-03-05,Wisconsin,Wisconsin,0
2020-03-06,Wisconsin,Wisconsin,0
2020-03-07,Wisconsin,Wisconsin,0
2020-03-08,Wisconsin,Wisconsin,0
2020-03-09,Wisconsin,Wisconsin,0
2020-03-10,Wisconsin,Wisconsin,3
2020-03-11,Wisconsin,Wisconsin,6
2020-03-12,Wisconsin,Wisconsin,8
2020-01-22,Wyoming,Wyoming,0
2020-01-23,Wyoming,Wyoming,0
2020-01-24,Wyoming,Wyoming,0
2020-01-25,Wyoming,Wyoming,0
2020-01-26,Wyoming,Wyoming,0
2020-01-27,Wyoming,Wyoming,0
2020-01-28,Wyoming,Wyoming,0
2020-01-29,Wyoming,Wyoming,0
2020-01-30,Wyoming,Wyoming,0
2020-01-31,Wyoming,Wyoming,0
2020-02-01,Wyoming,Wyoming,0
2020-02-02,Wyoming,Wyoming,0
2020-02-03,Wyoming,Wyoming,0
2020-02-04,Wyoming,Wyoming,0
2020-02-05,Wyoming,Wyoming,0
2020-02-06,Wyoming,Wyoming,0
2020-02-07,Wyoming,Wyoming,0
2020-02-08,Wyoming,Wyoming,0
2020-02-09,Wyoming,Wyoming,0
2020-02-10,Wyoming,Wyoming,0
2020-02-11,Wyoming,Wyoming,0
2020-02-12,Wyoming,Wyoming,0
2020-02-13,Wyoming,Wyoming,0
2020-02-14,Wyoming,Wyoming,0
2020-02-15,Wyoming,Wyoming,0
2020-02-16,Wyoming,Wyoming,0
2020-02-17,Wyoming,Wyoming,0
2020-02-18,Wyoming,Wyoming,0
2020-02-19,Wyoming,Wyoming,0
2020-02-20,Wyoming,Wyoming,0
2020-02-21,Wyoming,Wyoming,0
2020-02-22,Wyoming,Wyoming,0
2020-02-23,Wyoming,Wyoming,0
2020-02-24,Wyoming,Wyoming,0
2020-02-25,Wyoming,Wyoming,0
2020-02-26,Wyoming,Wyoming,0
2020-02-27,Wyoming,Wyoming,0
2020-02-28,Wyoming,Wyoming,0
2020-02-29,Wyoming,Wyoming,0
2020-03-01,Wyoming,Wyoming,0
2020-03-02,Wyoming,Wyoming,0
2020-03-03,Wyoming,Wyoming,0
2020-03-04,Wyoming,Wyoming,0
2020-03-05,Wyoming,Wyoming,0
2020-03-06,Wyoming,Wyoming,0
2020-03-07,Wyoming,Wyoming,0
2020-03-08,Wyoming,Wyoming,0
2020-03-09,Wyoming,Wyoming,0
2020-03-10,Wyoming,Wyoming,0
2020-03-11,Wyoming,Wyoming,0
2020-03-12,Wyoming,Wyoming,1
